board_ms,event,detail
2830927,rx_write,handle=1 slot=0 bytes=66 accepted=66 free_before=4166
2830931,tx_frame,handle=1 slot=0 bytes=365 slices=2 mtu=255 kind=reply
2832247,rx_write,handle=1 slot=0 bytes=66 accepted=66 free_before=4166
2832252,tx_frame,handle=1 slot=0 bytes=365 slices=2 mtu=255 kind=reply
2832877,rx_write,handle=1 slot=0 bytes=66 accepted=66 free_before=4166
2832881,tx_frame,handle=1 slot=0 bytes=365 slices=2 mtu=255 kind=reply
2833237,rx_write,handle=1 slot=0 bytes=66 accepted=66 free_before=4166
2833242,tx_frame,handle=1 slot=0 bytes=365 slices=2 mtu=255 kind=reply
2833537,rx_write,handle=1 slot=0 bytes=66 accepted=66 free_before=4166
2833541,tx_frame,handle=1 slot=0 bytes=365 slices=2 mtu=255 kind=reply
2833837,rx_write,handle=1 slot=0 bytes=66 accepted=66 free_before=4166
2833842,tx_frame,handle=1 slot=0 bytes=365 slices=2 mtu=255 kind=reply
2834137,rx_write,handle=1 slot=0 bytes=66 accepted=66 free_before=4166
2834142,tx_frame,handle=1 slot=0 bytes=365 slices=2 mtu=255 kind=reply
2834827,rx_write,handle=1 slot=0 bytes=66 accepted=66 free_before=4166
2834831,tx_frame,handle=1 slot=0 bytes=365 slices=2 mtu=255 kind=reply
2835037,rx_write,handle=1 slot=0 bytes=66 accepted=66 free_before=4166
2835042,tx_frame,handle=1 slot=0 bytes=365 slices=2 mtu=255 kind=reply
2836147,rx_write,handle=1 slot=0 bytes=66 accepted=66 free_before=4166
2836152,tx_frame,handle=1 slot=0 bytes=365 slices=2 mtu=255 kind=reply
2836267,rx_write,handle=1 slot=0 bytes=66 accepted=66 free_before=4166
2836271,tx_frame,handle=1 slot=0 bytes=365 slices=2 mtu=255 kind=reply
2836507,rx_write,handle=1 slot=0 bytes=66 accepted=66 free_before=4166
2836511,tx_frame,handle=1 slot=0 bytes=365 slices=2 mtu=255 kind=reply
2836927,rx_write,handle=1 slot=0 bytes=66 accepted=66 free_before=4166
2836931,tx_frame,handle=1 slot=0 bytes=365 slices=2 mtu=255 kind=reply
2837617,rx_write,handle=1 slot=0 bytes=66 accepted=66 free_before=4166
2837621,tx_frame,handle=1 slot=0 bytes=365 slices=2 mtu=255 kind=reply
2837797,rx_write,handle=1 slot=0 bytes=66 accepted=66 free_before=4166
2837802,tx_frame,handle=1 slot=0 bytes=365 slices=2 mtu=255 kind=reply
2838007,rx_write,handle=1 slot=0 bytes=66 accepted=66 free_before=4166
2838012,tx_frame,handle=1 slot=0 bytes=365 slices=2 mtu=255 kind=reply
2838217,rx_write,handle=1 slot=0 bytes=66 accepted=66 free_before=4166
2838222,tx_frame,handle=1 slot=0 bytes=365 slices=2 mtu=255 kind=reply
2838397,rx_write,handle=1 slot=0 bytes=66 accepted=66 free_before=4166
2838401,tx_frame,handle=1 slot=0 bytes=365 slices=2 mtu=255 kind=reply
2838547,rx_write,handle=1 slot=0 bytes=66 accepted=66 free_before=4166
2838551,tx_frame,handle=1 slot=0 bytes=365 slices=2 mtu=255 kind=reply
2838727,rx_write,handle=1 slot=0 bytes=66 accepted=66 free_before=4166
2838731,tx_frame,handle=1 slot=0 bytes=365 slices=2 mtu=255 kind=reply
2839027,rx_write,handle=1 slot=0 bytes=66 accepted=66 free_before=4166
2839032,tx_frame,handle=1 slot=0 bytes=365 slices=2 mtu=255 kind=reply
2839417,rx_write,handle=1 slot=0 bytes=66 accepted=66 free_before=4166
2839421,tx_frame,handle=1 slot=0 bytes=365 slices=2 mtu=255 kind=reply
2839537,rx_write,handle=1 slot=0 bytes=66 accepted=66 free_before=4166
2839541,tx_frame,handle=1 slot=0 bytes=365 slices=2 mtu=255 kind=reply
2839747,rx_write,handle=1 slot=0 bytes=66 accepted=66 free_before=4166
2839751,tx_frame,handle=1 slot=0 bytes=365 slices=2 mtu=255 kind=reply
2840137,rx_write,handle=1 slot=0 bytes=66 accepted=66 free_before=4166
2840142,tx_frame,handle=1 slot=0 bytes=365 slices=2 mtu=255 kind=reply
2840737,rx_write,handle=1 slot=0 bytes=66 accepted=66 free_before=4166
2840741,tx_frame,handle=1 slot=0 bytes=365 slices=2 mtu=255 kind=reply
2841217,rx_write,handle=1 slot=0 bytes=66 accepted=66 free_before=4166
2841222,tx_frame,handle=1 slot=0 bytes=365 slices=2 mtu=255 kind=reply
2841697,rx_write,handle=1 slot=0 bytes=66 accepted=66 free_before=4166
2841701,tx_frame,handle=1 slot=0 bytes=365 slices=2 mtu=255 kind=reply
2841817,rx_write,handle=1 slot=0 bytes=66 accepted=66 free_before=4166
2841821,tx_frame,handle=1 slot=0 bytes=365 slices=2 mtu=255 kind=reply
2842117,rx_write,handle=1 slot=0 bytes=66 accepted=66 free_before=4166
2842122,tx_frame,handle=1 slot=0 bytes=365 slices=2 mtu=255 kind=reply
2842237,rx_write,handle=1 slot=0 bytes=66 accepted=66 free_before=4166
2842241,tx_frame,handle=1 slot=0 bytes=365 slices=2 mtu=255 kind=reply
2842537,rx_write,handle=1 slot=0 bytes=66 accepted=66 free_before=4166
2842541,tx_frame,handle=1 slot=0 bytes=365 slices=2 mtu=255 kind=reply
2843017,rx_write,handle=1 slot=0 bytes=66 accepted=66 free_before=4166
2843021,tx_frame,handle=1 slot=0 bytes=365 slices=2 mtu=255 kind=reply
2843407,rx_write,handle=1 slot=0 bytes=66 accepted=66 free_before=4166
2843412,tx_frame,handle=1 slot=0 bytes=365 slices=2 mtu=255 kind=reply
2843917,rx_write,handle=1 slot=0 bytes=66 accepted=66 free_before=4166
2843921,tx_frame,handle=1 slot=0 bytes=365 slices=2 mtu=255 kind=reply
2844547,rx_write,handle=1 slot=0 bytes=66 accepted=66 free_before=4166
2844551,tx_frame,handle=1 slot=0 bytes=365 slices=2 mtu=255 kind=reply
2844817,rx_write,handle=1 slot=0 bytes=66 accepted=66 free_before=4166
2844822,tx_frame,handle=1 slot=0 bytes=365 slices=2 mtu=255 kind=reply
2845717,rx_write,handle=1 slot=0 bytes=66 accepted=66 free_before=4166
2845722,tx_frame,handle=1 slot=0 bytes=365 slices=2 mtu=255 kind=reply
2845927,rx_write,handle=1 slot=0 bytes=66 accepted=66 free_before=4166
2845931,tx_frame,handle=1 slot=0 bytes=365 slices=2 mtu=255 kind=reply
2846857,rx_write,handle=1 slot=0 bytes=66 accepted=66 free_before=4166
2846861,tx_frame,handle=1 slot=0 bytes=365 slices=2 mtu=255 kind=reply
2846917,rx_write,handle=1 slot=0 bytes=66 accepted=66 free_before=4166
2846922,tx_frame,handle=1 slot=0 bytes=365 slices=2 mtu=255 kind=reply
2847037,rx_write,handle=1 slot=0 bytes=66 accepted=66 free_before=4166
2847041,tx_frame,handle=1 slot=0 bytes=365 slices=2 mtu=255 kind=reply
2847247,rx_write,handle=1 slot=0 bytes=66 accepted=66 free_before=4166
2847251,tx_frame,handle=1 slot=0 bytes=365 slices=2 mtu=255 kind=reply
2847427,rx_write,handle=1 slot=0 bytes=66 accepted=66 free_before=4166
2847431,tx_frame,handle=1 slot=0 bytes=365 slices=2 mtu=255 kind=reply
2847817,rx_write,handle=1 slot=0 bytes=66 accepted=66 free_before=4166
2847821,tx_frame,handle=1 slot=0 bytes=365 slices=2 mtu=255 kind=reply
2847907,rx_write,handle=1 slot=0 bytes=66 accepted=66 free_before=4166
2847912,tx_frame,handle=1 slot=0 bytes=365 slices=2 mtu=255 kind=reply
2848027,rx_write,handle=1 slot=0 bytes=66 accepted=66 free_before=4166
2848033,tx_frame,handle=1 slot=0 bytes=365 slices=2 mtu=255 kind=reply
2848117,rx_write,handle=1 slot=0 bytes=66 accepted=66 free_before=4166
2848121,tx_frame,handle=1 slot=0 bytes=365 slices=2 mtu=255 kind=reply
2848207,rx_write,handle=1 slot=0 bytes=66 accepted=66 free_before=4166
2848211,tx_frame,handle=1 slot=0 bytes=365 slices=2 mtu=255 kind=reply
2848447,rx_write,handle=1 slot=0 bytes=66 accepted=66 free_before=4166
2848451,tx_frame,handle=1 slot=0 bytes=365 slices=2 mtu=255 kind=reply
2848627,rx_write,handle=1 slot=0 bytes=66 accepted=66 free_before=4166
2848632,tx_frame,handle=1 slot=0 bytes=365 slices=2 mtu=255 kind=reply
2849407,rx_write,handle=1 slot=0 bytes=66 accepted=66 free_before=4166
2849411,tx_frame,handle=1 slot=0 bytes=365 slices=2 mtu=255 kind=reply
2849947,rx_write,handle=1 slot=0 bytes=66 accepted=66 free_before=4166
2849952,tx_frame,handle=1 slot=0 bytes=365 slices=2 mtu=255 kind=reply
2850217,rx_write,handle=1 slot=0 bytes=66 accepted=66 free_before=4166
2850222,tx_frame,handle=1 slot=0 bytes=365 slices=2 mtu=255 kind=reply
2850847,rx_write,handle=1 slot=0 bytes=66 accepted=66 free_before=4166
2850852,tx_frame,handle=1 slot=0 bytes=365 slices=2 mtu=255 kind=reply
2851237,rx_write,handle=1 slot=0 bytes=66 accepted=66 free_before=4166
2851242,tx_frame,handle=1 slot=0 bytes=365 slices=2 mtu=255 kind=reply
2851357,rx_write,handle=1 slot=0 bytes=66 accepted=66 free_before=4166
2851361,tx_frame,handle=1 slot=0 bytes=365 slices=2 mtu=255 kind=reply
2851927,rx_write,handle=1 slot=0 bytes=66 accepted=66 free_before=4166
2851931,tx_frame,handle=1 slot=0 bytes=365 slices=2 mtu=255 kind=reply
2852227,rx_write,handle=1 slot=0 bytes=66 accepted=66 free_before=4166
2852231,tx_frame,handle=1 slot=0 bytes=365 slices=2 mtu=255 kind=reply
2852407,rx_write,handle=1 slot=0 bytes=66 accepted=66 free_before=4166
2852412,tx_frame,handle=1 slot=0 bytes=365 slices=2 mtu=255 kind=reply
2852647,rx_write,handle=1 slot=0 bytes=66 accepted=66 free_before=4166
2852652,tx_frame,handle=1 slot=0 bytes=365 slices=2 mtu=255 kind=reply
2853037,rx_write,handle=1 slot=0 bytes=66 accepted=66 free_before=4166
2853042,tx_frame,handle=1 slot=0 bytes=365 slices=2 mtu=255 kind=reply
2854207,rx_write,handle=1 slot=0 bytes=66 accepted=66 free_before=4166
2854212,tx_frame,handle=1 slot=0 bytes=365 slices=2 mtu=255 kind=reply
2854717,rx_write,handle=1 slot=0 bytes=66 accepted=66 free_before=4166
2854721,tx_frame,handle=1 slot=0 bytes=365 slices=2 mtu=255 kind=reply
2855047,rx_write,handle=1 slot=0 bytes=66 accepted=66 free_before=4166
2855051,tx_frame,handle=1 slot=0 bytes=365 slices=2 mtu=255 kind=reply
2855137,rx_write,handle=1 slot=0 bytes=66 accepted=66 free_before=4166
2855142,tx_frame,handle=1 slot=0 bytes=365 slices=2 mtu=255 kind=reply
2855317,rx_write,handle=1 slot=0 bytes=66 accepted=66 free_before=4166
2855322,tx_frame,handle=1 slot=0 bytes=365 slices=2 mtu=255 kind=reply
2855527,rx_write,handle=1 slot=0 bytes=66 accepted=66 free_before=4166
2855532,tx_frame,handle=1 slot=0 bytes=365 slices=2 mtu=255 kind=reply
2855617,rx_write,handle=1 slot=0 bytes=66 accepted=66 free_before=4166
2855622,tx_frame,handle=1 slot=0 bytes=365 slices=2 mtu=255 kind=reply
2855917,rx_write,handle=1 slot=0 bytes=66 accepted=66 free_before=4166
2855922,tx_frame,handle=1 slot=0 bytes=365 slices=2 mtu=255 kind=reply
2856127,rx_write,handle=1 slot=0 bytes=66 accepted=66 free_before=4166
2856132,tx_frame,handle=1 slot=0 bytes=365 slices=2 mtu=255 kind=reply
2856517,rx_write,handle=1 slot=0 bytes=66 accepted=66 free_before=4166
2856521,tx_frame,handle=1 slot=0 bytes=365 slices=2 mtu=255 kind=reply
2856637,rx_write,handle=1 slot=0 bytes=66 accepted=66 free_before=4166
2856642,tx_frame,handle=1 slot=0 bytes=365 slices=2 mtu=255 kind=reply
2856907,rx_write,handle=1 slot=0 bytes=66 accepted=66 free_before=4166
2856912,tx_frame,handle=1 slot=0 bytes=365 slices=2 mtu=255 kind=reply
2857237,rx_write,handle=1 slot=0 bytes=66 accepted=66 free_before=4166
2857242,tx_frame,handle=1 slot=0 bytes=365 slices=2 mtu=255 kind=reply
2857957,rx_write,handle=1 slot=0 bytes=66 accepted=66 free_before=4166
2857961,tx_frame,handle=1 slot=0 bytes=365 slices=2 mtu=255 kind=reply
2858227,rx_write,handle=1 slot=0 bytes=66 accepted=66 free_before=4166
2858231,tx_frame,handle=1 slot=0 bytes=365 slices=2 mtu=255 kind=reply
2858317,rx_write,handle=1 slot=0 bytes=66 accepted=66 free_before=4166
2858322,tx_frame,handle=1 slot=0 bytes=365 slices=2 mtu=255 kind=reply
2858527,rx_write,handle=1 slot=0 bytes=66 accepted=66 free_before=4166
2858532,tx_frame,handle=1 slot=0 bytes=365 slices=2 mtu=255 kind=reply
2858737,rx_write,handle=1 slot=0 bytes=66 accepted=66 free_before=4166
2858742,tx_frame,handle=1 slot=0 bytes=365 slices=2 mtu=255 kind=reply
2859127,rx_write,handle=1 slot=0 bytes=66 accepted=66 free_before=4166
2859131,tx_frame,handle=1 slot=0 bytes=365 slices=2 mtu=255 kind=reply
2859217,rx_write,handle=1 slot=0 bytes=66 accepted=66 free_before=4166
2859222,tx_frame,handle=1 slot=0 bytes=365 slices=2 mtu=255 kind=reply
2859337,rx_write,handle=1 slot=0 bytes=66 accepted=66 free_before=4166
2859344,tx_frame,handle=1 slot=0 bytes=365 slices=2 mtu=255 kind=reply
2859517,rx_write,handle=1 slot=0 bytes=66 accepted=66 free_before=4166
2859522,tx_frame,handle=1 slot=0 bytes=365 slices=2 mtu=255 kind=reply
2859817,rx_write,handle=1 slot=0 bytes=66 accepted=66 free_before=4166
2859822,tx_frame,handle=1 slot=0 bytes=365 slices=2 mtu=255 kind=reply
2860117,rx_write,handle=1 slot=0 bytes=66 accepted=66 free_before=4166
2860122,tx_frame,handle=1 slot=0 bytes=365 slices=2 mtu=255 kind=reply
2860327,rx_write,handle=1 slot=0 bytes=66 accepted=66 free_before=4166
2860331,tx_frame,handle=1 slot=0 bytes=365 slices=2 mtu=255 kind=reply
2860627,rx_write,handle=1 slot=0 bytes=66 accepted=66 free_before=4166
2860633,tx_frame,handle=1 slot=0 bytes=365 slices=2 mtu=255 kind=reply
2860807,rx_write,handle=1 slot=0 bytes=66 accepted=66 free_before=4166
2860812,tx_frame,handle=1 slot=0 bytes=365 slices=2 mtu=255 kind=reply
2861047,rx_write,handle=1 slot=0 bytes=66 accepted=66 free_before=4166
2861052,tx_frame,handle=1 slot=0 bytes=365 slices=2 mtu=255 kind=reply
2861137,rx_write,handle=1 slot=0 bytes=66 accepted=66 free_before=4166
2861141,tx_frame,handle=1 slot=0 bytes=365 slices=2 mtu=255 kind=reply
2861347,rx_write,handle=1 slot=0 bytes=66 accepted=66 free_before=4166
2861351,tx_frame,handle=1 slot=0 bytes=365 slices=2 mtu=255 kind=reply
2861499,rx_write,handle=1 slot=0 bytes=66 accepted=66 free_before=4166
2861503,tx_frame,handle=1 slot=0 bytes=365 slices=2 mtu=255 kind=reply
2861617,rx_write,handle=1 slot=0 bytes=66 accepted=66 free_before=4166
2861621,tx_frame,handle=1 slot=0 bytes=365 slices=2 mtu=255 kind=reply
2861947,rx_write,handle=1 slot=0 bytes=66 accepted=66 free_before=4166
2861951,tx_frame,handle=1 slot=0 bytes=365 slices=2 mtu=255 kind=reply
2862037,rx_write,handle=1 slot=0 bytes=66 accepted=66 free_before=4166
2862042,tx_frame,handle=1 slot=0 bytes=365 slices=2 mtu=255 kind=reply
2862307,rx_write,handle=1 slot=0 bytes=66 accepted=66 free_before=4166
2862311,tx_frame,handle=1 slot=0 bytes=365 slices=2 mtu=255 kind=reply
2862427,rx_write,handle=1 slot=0 bytes=66 accepted=66 free_before=4166
2862431,tx_frame,handle=1 slot=0 bytes=365 slices=2 mtu=255 kind=reply
2862937,rx_write,handle=1 slot=0 bytes=66 accepted=66 free_before=4166
2862941,tx_frame,handle=1 slot=0 bytes=365 slices=2 mtu=255 kind=reply
2863447,rx_write,handle=1 slot=0 bytes=66 accepted=66 free_before=4166
2863451,tx_frame,handle=1 slot=0 bytes=365 slices=2 mtu=255 kind=reply
2863837,rx_write,handle=1 slot=0 bytes=66 accepted=66 free_before=4166
2863842,tx_frame,handle=1 slot=0 bytes=365 slices=2 mtu=255 kind=reply
2864017,rx_write,handle=1 slot=0 bytes=66 accepted=66 free_before=4166
2864021,tx_frame,handle=1 slot=0 bytes=365 slices=2 mtu=255 kind=reply
2864197,rx_write,handle=1 slot=0 bytes=66 accepted=66 free_before=4166
2864202,tx_frame,handle=1 slot=0 bytes=365 slices=2 mtu=255 kind=reply
2864707,rx_write,handle=1 slot=0 bytes=66 accepted=66 free_before=4166
2864712,tx_frame,handle=1 slot=0 bytes=365 slices=2 mtu=255 kind=reply
2864947,rx_write,handle=1 slot=0 bytes=66 accepted=66 free_before=4166
2864952,tx_frame,handle=1 slot=0 bytes=365 slices=2 mtu=255 kind=reply
2865037,rx_write,handle=1 slot=0 bytes=66 accepted=66 free_before=4166
2865042,tx_frame,handle=1 slot=0 bytes=365 slices=2 mtu=255 kind=reply
2865127,rx_write,handle=1 slot=0 bytes=66 accepted=66 free_before=4166
2865132,tx_frame,handle=1 slot=0 bytes=365 slices=2 mtu=255 kind=reply
2865337,rx_write,handle=1 slot=0 bytes=66 accepted=66 free_before=4166
2865341,tx_frame,handle=1 slot=0 bytes=365 slices=2 mtu=255 kind=reply
2865427,rx_write,handle=1 slot=0 bytes=66 accepted=66 free_before=4166
2865434,tx_frame,handle=1 slot=0 bytes=365 slices=2 mtu=255 kind=reply
2865517,rx_write,handle=1 slot=0 bytes=66 accepted=66 free_before=4166
2865522,tx_frame,handle=1 slot=0 bytes=365 slices=2 mtu=255 kind=reply
2865697,rx_write,handle=1 slot=0 bytes=66 accepted=66 free_before=4166
2865702,tx_frame,handle=1 slot=0 bytes=365 slices=2 mtu=255 kind=reply
2865907,rx_write,handle=1 slot=0 bytes=66 accepted=66 free_before=4166
2865912,tx_frame,handle=1 slot=0 bytes=365 slices=2 mtu=255 kind=reply
2866238,rx_write,handle=1 slot=0 bytes=66 accepted=66 free_before=4166
2866243,tx_frame,handle=1 slot=0 bytes=365 slices=2 mtu=255 kind=reply
2866447,rx_write,handle=1 slot=0 bytes=66 accepted=66 free_before=4166
2866452,tx_frame,handle=1 slot=0 bytes=365 slices=2 mtu=255 kind=reply
2866538,rx_write,handle=1 slot=0 bytes=66 accepted=66 free_before=4166
2866544,tx_frame,handle=1 slot=0 bytes=365 slices=2 mtu=255 kind=reply
2866718,rx_write,handle=1 slot=0 bytes=66 accepted=66 free_before=4166
2866722,tx_frame,handle=1 slot=0 bytes=365 slices=2 mtu=255 kind=reply
2867047,rx_write,handle=1 slot=0 bytes=66 accepted=66 free_before=4166
2867051,tx_frame,handle=1 slot=0 bytes=365 slices=2 mtu=255 kind=reply
2867137,rx_write,handle=1 slot=0 bytes=66 accepted=66 free_before=4166
2867142,tx_frame,handle=1 slot=0 bytes=365 slices=2 mtu=255 kind=reply
2867197,rx_write,handle=1 slot=0 bytes=66 accepted=66 free_before=4166
2867201,tx_frame,handle=1 slot=0 bytes=365 slices=2 mtu=255 kind=reply
2867647,rx_write,handle=1 slot=0 bytes=66 accepted=66 free_before=4166
2867651,tx_frame,handle=1 slot=0 bytes=365 slices=2 mtu=255 kind=reply
2867917,rx_write,handle=1 slot=0 bytes=66 accepted=66 free_before=4166
2867923,tx_frame,handle=1 slot=0 bytes=365 slices=2 mtu=255 kind=reply
2868517,rx_write,handle=1 slot=0 bytes=66 accepted=66 free_before=4166
2868521,tx_frame,handle=1 slot=0 bytes=365 slices=2 mtu=255 kind=reply
2868997,rx_write,handle=1 slot=0 bytes=66 accepted=66 free_before=4166
2869002,tx_frame,handle=1 slot=0 bytes=365 slices=2 mtu=255 kind=reply
2869237,rx_write,handle=1 slot=0 bytes=66 accepted=66 free_before=4166
2869242,tx_frame,handle=1 slot=0 bytes=365 slices=2 mtu=255 kind=reply
2869567,rx_write,handle=1 slot=0 bytes=66 accepted=66 free_before=4166
2869571,tx_frame,handle=1 slot=0 bytes=365 slices=2 mtu=255 kind=reply
2869717,rx_write,handle=1 slot=0 bytes=66 accepted=66 free_before=4166
2869722,tx_frame,handle=1 slot=0 bytes=365 slices=2 mtu=255 kind=reply
2869807,rx_write,handle=1 slot=0 bytes=66 accepted=66 free_before=4166
2869812,tx_frame,handle=1 slot=0 bytes=365 slices=2 mtu=255 kind=reply
2869927,rx_write,handle=1 slot=0 bytes=66 accepted=66 free_before=4166
2869932,tx_frame,handle=1 slot=0 bytes=365 slices=2 mtu=255 kind=reply
2870107,rx_write,handle=1 slot=0 bytes=66 accepted=66 free_before=4166
2870111,tx_frame,handle=1 slot=0 bytes=365 slices=2 mtu=255 kind=reply
2870437,rx_write,handle=1 slot=0 bytes=66 accepted=66 free_before=4166
2870441,tx_frame,handle=1 slot=0 bytes=365 slices=2 mtu=255 kind=reply
2870827,rx_write,handle=1 slot=0 bytes=66 accepted=66 free_before=4166
2870832,tx_frame,handle=1 slot=0 bytes=365 slices=2 mtu=255 kind=reply
2870918,rx_write,handle=1 slot=0 bytes=66 accepted=66 free_before=4166
2870923,tx_frame,handle=1 slot=0 bytes=365 slices=2 mtu=255 kind=reply
2871187,rx_write,handle=1 slot=0 bytes=66 accepted=66 free_before=4166
2871191,tx_frame,handle=1 slot=0 bytes=365 slices=2 mtu=255 kind=reply
2871517,rx_write,handle=1 slot=0 bytes=66 accepted=66 free_before=4166
2871521,tx_frame,handle=1 slot=0 bytes=365 slices=2 mtu=255 kind=reply
2871937,rx_write,handle=1 slot=0 bytes=66 accepted=66 free_before=4166
2871942,tx_frame,handle=1 slot=0 bytes=365 slices=2 mtu=255 kind=reply
2872327,rx_write,handle=1 slot=0 bytes=66 accepted=66 free_before=4166
2872332,tx_frame,handle=1 slot=0 bytes=365 slices=2 mtu=255 kind=reply
2872537,rx_write,handle=1 slot=0 bytes=66 accepted=66 free_before=4166
2872541,tx_frame,handle=1 slot=0 bytes=365 slices=2 mtu=255 kind=reply
2872717,rx_write,handle=1 slot=0 bytes=66 accepted=66 free_before=4166
2872722,tx_frame,handle=1 slot=0 bytes=365 slices=2 mtu=255 kind=reply
2873017,rx_write,handle=1 slot=0 bytes=66 accepted=66 free_before=4166
2873022,tx_frame,handle=1 slot=0 bytes=365 slices=2 mtu=255 kind=reply
2873497,rx_write,handle=1 slot=0 bytes=66 accepted=66 free_before=4166
2873502,tx_frame,handle=1 slot=0 bytes=365 slices=2 mtu=255 kind=reply
2873647,rx_write,handle=1 slot=0 bytes=66 accepted=66 free_before=4166
2873651,tx_frame,handle=1 slot=0 bytes=365 slices=2 mtu=255 kind=reply
2873947,rx_write,handle=1 slot=0 bytes=66 accepted=66 free_before=4166
2873952,tx_frame,handle=1 slot=0 bytes=365 slices=2 mtu=255 kind=reply
2874547,rx_write,handle=1 slot=0 bytes=66 accepted=66 free_before=4166
2874552,tx_frame,handle=1 slot=0 bytes=365 slices=2 mtu=255 kind=reply
2874637,rx_write,handle=1 slot=0 bytes=66 accepted=66 free_before=4166
2874644,tx_frame,handle=1 slot=0 bytes=365 slices=2 mtu=255 kind=reply
2874937,rx_write,handle=1 slot=0 bytes=66 accepted=66 free_before=4166
2874942,tx_frame,handle=1 slot=0 bytes=365 slices=2 mtu=255 kind=reply
2875027,rx_write,handle=1 slot=0 bytes=66 accepted=66 free_before=4166
2875032,tx_frame,handle=1 slot=0 bytes=365 slices=2 mtu=255 kind=reply
2875417,rx_write,handle=1 slot=0 bytes=66 accepted=66 free_before=4166
2875422,tx_frame,handle=1 slot=0 bytes=365 slices=2 mtu=255 kind=reply
2876047,rx_write,handle=1 slot=0 bytes=66 accepted=66 free_before=4166
2876052,tx_frame,handle=1 slot=0 bytes=365 slices=2 mtu=255 kind=reply
2876227,rx_write,handle=1 slot=0 bytes=66 accepted=66 free_before=4166
2876231,tx_frame,handle=1 slot=0 bytes=365 slices=2 mtu=255 kind=reply
2876407,rx_write,handle=1 slot=0 bytes=66 accepted=66 free_before=4166
2876411,tx_frame,handle=1 slot=0 bytes=365 slices=2 mtu=255 kind=reply
2876527,rx_write,handle=1 slot=0 bytes=66 accepted=66 free_before=4166
2876531,tx_frame,handle=1 slot=0 bytes=365 slices=2 mtu=255 kind=reply
2876738,rx_write,handle=1 slot=0 bytes=66 accepted=66 free_before=4166
2876743,tx_frame,handle=1 slot=0 bytes=365 slices=2 mtu=255 kind=reply
2876797,rx_write,handle=1 slot=0 bytes=66 accepted=66 free_before=4166
2876801,tx_frame,handle=1 slot=0 bytes=365 slices=2 mtu=255 kind=reply
2876947,rx_write,handle=1 slot=0 bytes=66 accepted=66 free_before=4166
2876951,tx_frame,handle=1 slot=0 bytes=365 slices=2 mtu=255 kind=reply
2877157,rx_write,handle=1 slot=0 bytes=66 accepted=66 free_before=4166
2877162,tx_frame,handle=1 slot=0 bytes=365 slices=2 mtu=255 kind=reply
2878117,rx_write,handle=1 slot=0 bytes=66 accepted=66 free_before=4166
2878121,tx_frame,handle=1 slot=0 bytes=365 slices=2 mtu=255 kind=reply
2878207,rx_write,handle=1 slot=0 bytes=66 accepted=66 free_before=4166
2878212,tx_frame,handle=1 slot=0 bytes=365 slices=2 mtu=255 kind=reply
2878717,rx_write,handle=1 slot=0 bytes=66 accepted=66 free_before=4166
2878722,tx_frame,handle=1 slot=0 bytes=365 slices=2 mtu=255 kind=reply
2879737,rx_write,handle=1 slot=0 bytes=66 accepted=66 free_before=4166
2879742,tx_frame,handle=1 slot=0 bytes=365 slices=2 mtu=255 kind=reply
2879947,rx_write,handle=1 slot=0 bytes=66 accepted=66 free_before=4166
2879951,tx_frame,handle=1 slot=0 bytes=365 slices=2 mtu=255 kind=reply
2881537,rx_write,handle=1 slot=0 bytes=66 accepted=66 free_before=4166
2881541,tx_frame,handle=1 slot=0 bytes=365 slices=2 mtu=255 kind=reply
2881628,rx_write,handle=1 slot=0 bytes=66 accepted=66 free_before=4166
2881635,tx_frame,handle=1 slot=0 bytes=365 slices=2 mtu=255 kind=reply
2881748,rx_write,handle=1 slot=0 bytes=66 accepted=66 free_before=4166
2881755,tx_frame,handle=1 slot=0 bytes=365 slices=2 mtu=255 kind=reply
2881837,rx_write,handle=1 slot=0 bytes=66 accepted=66 free_before=4166
2881841,tx_frame,handle=1 slot=0 bytes=365 slices=2 mtu=255 kind=reply
2882047,rx_write,handle=1 slot=0 bytes=66 accepted=66 free_before=4166
2882052,tx_frame,handle=1 slot=0 bytes=365 slices=2 mtu=255 kind=reply
2883847,rx_write,handle=1 slot=0 bytes=66 accepted=66 free_before=4166
2883851,tx_frame,handle=1 slot=0 bytes=365 slices=2 mtu=255 kind=reply
2884027,rx_write,handle=1 slot=0 bytes=66 accepted=66 free_before=4166
2884032,tx_frame,handle=1 slot=0 bytes=365 slices=2 mtu=255 kind=reply
2884507,rx_write,handle=1 slot=0 bytes=66 accepted=66 free_before=4166
2884511,tx_frame,handle=1 slot=0 bytes=365 slices=2 mtu=255 kind=reply
2892127,rx_write,handle=1 slot=0 bytes=66 accepted=66 free_before=4166
2892131,tx_frame,handle=1 slot=0 bytes=365 slices=2 mtu=255 kind=reply
2892997,rx_write,handle=1 slot=0 bytes=66 accepted=66 free_before=4166
2893002,tx_frame,handle=1 slot=0 bytes=365 slices=2 mtu=255 kind=reply
2899477,rx_write,handle=1 slot=0 bytes=66 accepted=66 free_before=4166
2899481,tx_frame,handle=1 slot=0 bytes=365 slices=2 mtu=255 kind=reply
2899957,rx_write,handle=1 slot=0 bytes=66 accepted=66 free_before=4166
2899962,tx_frame,handle=1 slot=0 bytes=365 slices=2 mtu=255 kind=reply
2900077,rx_write,handle=1 slot=0 bytes=66 accepted=66 free_before=4166
2900082,tx_frame,handle=1 slot=0 bytes=365 slices=2 mtu=255 kind=reply
2900317,rx_write,handle=1 slot=0 bytes=66 accepted=66 free_before=4166
2900322,tx_frame,handle=1 slot=0 bytes=365 slices=2 mtu=255 kind=reply
2900857,rx_write,handle=1 slot=0 bytes=66 accepted=66 free_before=4166
2900862,tx_frame,handle=1 slot=0 bytes=365 slices=2 mtu=255 kind=reply
2902237,rx_write,handle=1 slot=0 bytes=66 accepted=66 free_before=4166
2902242,tx_frame,handle=1 slot=0 bytes=365 slices=2 mtu=255 kind=reply
2903467,rx_write,handle=1 slot=0 bytes=66 accepted=66 free_before=4166
2903472,tx_frame,handle=1 slot=0 bytes=365 slices=2 mtu=255 kind=reply
2903557,rx_write,handle=1 slot=0 bytes=66 accepted=66 free_before=4166
2903561,tx_frame,handle=1 slot=0 bytes=365 slices=2 mtu=255 kind=reply
2903857,rx_write,handle=1 slot=0 bytes=66 accepted=66 free_before=4166
2903861,tx_frame,handle=1 slot=0 bytes=365 slices=2 mtu=255 kind=reply
2904007,rx_write,handle=1 slot=0 bytes=66 accepted=66 free_before=4166
2904011,tx_frame,handle=1 slot=0 bytes=365 slices=2 mtu=255 kind=reply
2904157,rx_write,handle=1 slot=0 bytes=66 accepted=66 free_before=4166
2904162,tx_frame,handle=1 slot=0 bytes=365 slices=2 mtu=255 kind=reply
2904367,rx_write,handle=1 slot=0 bytes=66 accepted=66 free_before=4166
2904371,tx_frame,handle=1 slot=0 bytes=365 slices=2 mtu=255 kind=reply
2904577,rx_write,handle=1 slot=0 bytes=66 accepted=66 free_before=4166
2904582,tx_frame,handle=1 slot=0 bytes=365 slices=2 mtu=255 kind=reply
2904667,rx_write,handle=1 slot=0 bytes=66 accepted=66 free_before=4166
2904672,tx_frame,handle=1 slot=0 bytes=365 slices=2 mtu=255 kind=reply
2904997,rx_write,handle=1 slot=0 bytes=66 accepted=66 free_before=4166
2905001,tx_frame,handle=1 slot=0 bytes=365 slices=2 mtu=255 kind=reply
2905987,rx_write,handle=1 slot=0 bytes=66 accepted=66 free_before=4166
2905991,tx_frame,handle=1 slot=0 bytes=366 slices=2 mtu=255 kind=reply
2906857,rx_write,handle=1 slot=0 bytes=66 accepted=66 free_before=4166
2906861,tx_frame,handle=1 slot=0 bytes=366 slices=2 mtu=255 kind=reply
2907157,rx_write,handle=1 slot=0 bytes=66 accepted=66 free_before=4166
2907161,tx_frame,handle=1 slot=0 bytes=366 slices=2 mtu=255 kind=reply
2907367,rx_write,handle=1 slot=0 bytes=66 accepted=66 free_before=4166
2907372,tx_frame,handle=1 slot=0 bytes=366 slices=2 mtu=255 kind=reply
2907457,rx_write,handle=1 slot=0 bytes=66 accepted=66 free_before=4166
2907464,tx_frame,handle=1 slot=0 bytes=366 slices=2 mtu=255 kind=reply
2907667,rx_write,handle=1 slot=0 bytes=66 accepted=66 free_before=4166
2907672,tx_frame,handle=1 slot=0 bytes=366 slices=2 mtu=255 kind=reply
2907787,rx_write,handle=1 slot=0 bytes=66 accepted=66 free_before=4166
2907792,tx_frame,handle=1 slot=0 bytes=366 slices=2 mtu=255 kind=reply
2908147,rx_write,handle=1 slot=0 bytes=66 accepted=66 free_before=4166
2908152,tx_frame,handle=1 slot=0 bytes=366 slices=2 mtu=255 kind=reply
2908477,rx_write,handle=1 slot=0 bytes=66 accepted=66 free_before=4166
2908482,tx_frame,handle=1 slot=0 bytes=366 slices=2 mtu=255 kind=reply
2908807,rx_write,handle=1 slot=0 bytes=66 accepted=66 free_before=4166
2908811,tx_frame,handle=1 slot=0 bytes=366 slices=2 mtu=255 kind=reply
2908957,rx_write,handle=1 slot=0 bytes=66 accepted=66 free_before=4166
2908962,tx_frame,handle=1 slot=0 bytes=366 slices=2 mtu=255 kind=reply
2909167,rx_write,handle=1 slot=0 bytes=66 accepted=66 free_before=4166
2909171,tx_frame,handle=1 slot=0 bytes=366 slices=2 mtu=255 kind=reply
2909257,rx_write,handle=1 slot=0 bytes=66 accepted=66 free_before=4166
2909262,tx_frame,handle=1 slot=0 bytes=366 slices=2 mtu=255 kind=reply
2909527,rx_write,handle=1 slot=0 bytes=66 accepted=66 free_before=4166
2909532,tx_frame,handle=1 slot=0 bytes=366 slices=2 mtu=255 kind=reply
2909677,rx_write,handle=1 slot=0 bytes=66 accepted=66 free_before=4166
2909681,tx_frame,handle=1 slot=0 bytes=366 slices=2 mtu=255 kind=reply
2909767,rx_write,handle=1 slot=0 bytes=66 accepted=66 free_before=4166
2909771,tx_frame,handle=1 slot=0 bytes=366 slices=2 mtu=255 kind=reply
2909947,rx_write,handle=1 slot=0 bytes=66 accepted=66 free_before=4166
2909951,tx_frame,handle=1 slot=0 bytes=366 slices=2 mtu=255 kind=reply
2910157,rx_write,handle=1 slot=0 bytes=66 accepted=66 free_before=4166
2910162,tx_frame,handle=1 slot=0 bytes=366 slices=2 mtu=255 kind=reply
2910278,rx_write,handle=1 slot=0 bytes=66 accepted=66 free_before=4166
2910283,tx_frame,handle=1 slot=0 bytes=366 slices=2 mtu=255 kind=reply
2910607,rx_write,handle=1 slot=0 bytes=66 accepted=66 free_before=4166
2910612,tx_frame,handle=1 slot=0 bytes=366 slices=2 mtu=255 kind=reply
2910967,rx_write,handle=1 slot=0 bytes=66 accepted=66 free_before=4166
2910971,tx_frame,handle=1 slot=0 bytes=366 slices=2 mtu=255 kind=reply
2911267,rx_write,handle=1 slot=0 bytes=66 accepted=66 free_before=4166
2911272,tx_frame,handle=1 slot=0 bytes=366 slices=2 mtu=255 kind=reply
2911477,rx_write,handle=1 slot=0 bytes=66 accepted=66 free_before=4166
2911481,tx_frame,handle=1 slot=0 bytes=366 slices=2 mtu=255 kind=reply
2911867,rx_write,handle=1 slot=0 bytes=66 accepted=66 free_before=4166
2911872,tx_frame,handle=1 slot=0 bytes=366 slices=2 mtu=255 kind=reply
2912017,rx_write,handle=1 slot=0 bytes=66 accepted=66 free_before=4166
2912021,tx_frame,handle=1 slot=0 bytes=366 slices=2 mtu=255 kind=reply
2912287,rx_write,handle=1 slot=0 bytes=66 accepted=66 free_before=4166
2912292,tx_frame,handle=1 slot=0 bytes=366 slices=2 mtu=255 kind=reply
2912557,rx_write,handle=1 slot=0 bytes=66 accepted=66 free_before=4166
2912561,tx_frame,handle=1 slot=0 bytes=366 slices=2 mtu=255 kind=reply
2912767,rx_write,handle=1 slot=0 bytes=66 accepted=66 free_before=4166
2912772,tx_frame,handle=1 slot=0 bytes=366 slices=2 mtu=255 kind=reply
2912858,rx_write,handle=1 slot=0 bytes=66 accepted=66 free_before=4166
2912864,tx_frame,handle=1 slot=0 bytes=366 slices=2 mtu=255 kind=reply
2912977,rx_write,handle=1 slot=0 bytes=66 accepted=66 free_before=4166
2912985,tx_frame,handle=1 slot=0 bytes=366 slices=2 mtu=255 kind=reply
2913307,rx_write,handle=1 slot=0 bytes=66 accepted=66 free_before=4166
2913312,tx_frame,handle=1 slot=0 bytes=366 slices=2 mtu=255 kind=reply
2913547,rx_write,handle=1 slot=0 bytes=66 accepted=66 free_before=4166
2913547,rx_write,handle=1 slot=0 bytes=66 accepted=66 free_before=4100
2913553,tx_frame,handle=1 slot=0 bytes=366 slices=2 mtu=255 kind=reply
2913557,tx_frame,handle=1 slot=0 bytes=365 slices=2 mtu=255 kind=reply
2913757,rx_write,handle=1 slot=0 bytes=66 accepted=66 free_before=4166
2913761,tx_frame,handle=1 slot=0 bytes=366 slices=2 mtu=255 kind=reply
2913937,rx_write,handle=1 slot=0 bytes=66 accepted=66 free_before=4166
2913941,tx_frame,handle=1 slot=0 bytes=366 slices=2 mtu=255 kind=reply
2914747,rx_write,handle=1 slot=0 bytes=66 accepted=66 free_before=4166
2914752,tx_frame,handle=1 slot=0 bytes=366 slices=2 mtu=255 kind=reply
2914867,rx_write,handle=1 slot=0 bytes=66 accepted=66 free_before=4166
2914871,tx_frame,handle=1 slot=0 bytes=366 slices=2 mtu=255 kind=reply
2915047,rx_write,handle=1 slot=0 bytes=66 accepted=66 free_before=4166
2915051,tx_frame,handle=1 slot=0 bytes=366 slices=2 mtu=255 kind=reply
2915257,rx_write,handle=1 slot=0 bytes=66 accepted=66 free_before=4166
2915262,tx_frame,handle=1 slot=0 bytes=366 slices=2 mtu=255 kind=reply
2915377,rx_write,handle=1 slot=0 bytes=66 accepted=66 free_before=4166
2915382,tx_frame,handle=1 slot=0 bytes=366 slices=2 mtu=255 kind=reply
2915587,rx_write,handle=1 slot=0 bytes=66 accepted=66 free_before=4166
2915592,tx_frame,handle=1 slot=0 bytes=366 slices=2 mtu=255 kind=reply
2915977,rx_write,handle=1 slot=0 bytes=66 accepted=66 free_before=4166
2915982,tx_frame,handle=1 slot=0 bytes=366 slices=2 mtu=255 kind=reply
2916277,rx_write,handle=1 slot=0 bytes=66 accepted=66 free_before=4166
2916282,tx_frame,handle=1 slot=0 bytes=366 slices=2 mtu=255 kind=reply
2916757,rx_write,handle=1 slot=0 bytes=66 accepted=66 free_before=4166
2916761,tx_frame,handle=1 slot=0 bytes=366 slices=2 mtu=255 kind=reply
2916967,rx_write,handle=1 slot=0 bytes=66 accepted=66 free_before=4166
2916972,tx_frame,handle=1 slot=0 bytes=366 slices=2 mtu=255 kind=reply
2917267,rx_write,handle=1 slot=0 bytes=66 accepted=66 free_before=4166
2917272,tx_frame,handle=1 slot=0 bytes=366 slices=2 mtu=255 kind=reply
2917477,tx_subscribed,handle=1 value=0
2917477,disconnect,handle=1 slot=0 peer=71:6c:45:65:d9:f7 reason=531 registered=1
2917478,advertise_restart,advertising=1
2934547,connect,handle=1 slot=0 peer=79:cf:ec:65:ff:ac interval_units=24 timeout_ms=720 mtu=23
2934877,mtu,handle=1 value=255
2935477,tx_subscribed,handle=1 value=1
2935597,rx_write,handle=1 slot=0 bytes=6 accepted=6 free_before=4166
2935599,tx_frame,handle=1 slot=0 bytes=36 slices=1 mtu=255 kind=reply
2935657,rx_write,handle=1 slot=0 bytes=79 accepted=79 free_before=4166
2935659,tx_frame,handle=1 slot=0 bytes=17 slices=1 mtu=255 kind=reply
2935717,rx_write,handle=1 slot=0 bytes=6 accepted=6 free_before=4166
2935727,tx_frame,handle=1 slot=0 bytes=1630 slices=7 mtu=255 kind=reply
2935897,rx_write,handle=1 slot=0 bytes=6 accepted=6 free_before=4166
2935898,tx_frame,handle=1 slot=0 bytes=53 slices=1 mtu=255 kind=reply
2935957,rx_write,handle=1 slot=0 bytes=6 accepted=6 free_before=4166
2935962,tx_frame,handle=1 slot=0 bytes=588 slices=3 mtu=255 kind=reply
2936107,rx_write,handle=1 slot=0 bytes=6 accepted=6 free_before=4166
2936107,rx_write,handle=1 slot=0 bytes=24 accepted=24 free_before=4160
2936111,tx_frame,handle=1 slot=0 bytes=345 slices=2 mtu=255 kind=reply
2936114,tx_frame,handle=1 slot=0 bytes=308 slices=2 mtu=255 kind=reply
2936167,rx_write,handle=1 slot=0 bytes=18 accepted=18 free_before=4166
2936167,rx_write,handle=1 slot=0 bytes=24 accepted=24 free_before=4148
2936195,tx_frame,handle=1 slot=0 bytes=2022 slices=9 mtu=255 kind=reply
2936200,tx_frame,handle=1 slot=0 bytes=308 slices=2 mtu=255 kind=reply
2936287,rx_write,handle=1 slot=0 bytes=29 accepted=29 free_before=4166
2936314,tx_frame,handle=1 slot=0 bytes=2022 slices=9 mtu=255 kind=reply
2936407,rx_write,handle=1 slot=0 bytes=29 accepted=29 free_before=4166
2936430,tx_frame,handle=1 slot=0 bytes=956 slices=4 mtu=255 kind=reply
2958457,tx_subscribed,handle=1 value=0
2958457,disconnect,handle=1 slot=0 peer=79:cf:ec:65:ff:ac reason=531 registered=1
2958459,advertise_restart,advertising=1
2962384,connect,handle=1 slot=0 peer=6b:bd:87:a0:32:70 interval_units=24 timeout_ms=720 mtu=23
2962713,mtu,handle=1 value=255
2963313,tx_subscribed,handle=1 value=1
2963433,rx_write,handle=1 slot=0 bytes=6 accepted=6 free_before=4166
2963437,tx_frame,handle=1 slot=0 bytes=36 slices=1 mtu=255 kind=reply
2963493,rx_write,handle=1 slot=0 bytes=79 accepted=79 free_before=4166
2963496,tx_frame,handle=1 slot=0 bytes=17 slices=1 mtu=255 kind=reply
2963553,rx_write,handle=1 slot=0 bytes=6 accepted=6 free_before=4166
2963563,tx_frame,handle=1 slot=0 bytes=1630 slices=7 mtu=255 kind=reply
2963733,rx_write,handle=1 slot=0 bytes=6 accepted=6 free_before=4166
2963737,tx_frame,handle=1 slot=0 bytes=53 slices=1 mtu=255 kind=reply
2963793,rx_write,handle=1 slot=0 bytes=6 accepted=6 free_before=4166
2963800,tx_frame,handle=1 slot=0 bytes=588 slices=3 mtu=255 kind=reply
2963913,rx_write,handle=1 slot=0 bytes=6 accepted=6 free_before=4166
2963914,rx_write,handle=1 slot=0 bytes=24 accepted=24 free_before=4160
2963917,tx_frame,handle=1 slot=0 bytes=345 slices=2 mtu=255 kind=reply
2963920,tx_frame,handle=1 slot=0 bytes=308 slices=2 mtu=255 kind=reply
2963973,rx_write,handle=1 slot=0 bytes=18 accepted=18 free_before=4166
2963974,rx_write,handle=1 slot=0 bytes=24 accepted=24 free_before=4148
2964001,tx_frame,handle=1 slot=0 bytes=2022 slices=9 mtu=255 kind=reply
2964006,tx_frame,handle=1 slot=0 bytes=308 slices=2 mtu=255 kind=reply
2964093,rx_write,handle=1 slot=0 bytes=29 accepted=29 free_before=4166
2964121,tx_frame,handle=1 slot=0 bytes=2022 slices=9 mtu=255 kind=reply
2964243,rx_write,handle=1 slot=0 bytes=29 accepted=29 free_before=4166
2964265,tx_frame,handle=1 slot=0 bytes=956 slices=4 mtu=255 kind=reply
2966853,tx_subscribed,handle=1 value=0
2966854,disconnect,handle=1 slot=0 peer=6b:bd:87:a0:32:70 reason=531 registered=1
2966855,advertise_restart,advertising=1
2970184,connect,handle=1 slot=0 peer=6b:bd:87:a0:32:70 interval_units=24 timeout_ms=720 mtu=23
2970513,mtu,handle=1 value=255
2971147,tx_subscribed,handle=1 value=1
2971237,rx_write,handle=1 slot=0 bytes=6 accepted=6 free_before=4166
2971239,tx_frame,handle=1 slot=0 bytes=36 slices=1 mtu=255 kind=reply
2971297,rx_write,handle=1 slot=0 bytes=79 accepted=79 free_before=4166
2971302,tx_frame,handle=1 slot=0 bytes=17 slices=1 mtu=255 kind=reply
2971387,rx_write,handle=1 slot=0 bytes=6 accepted=6 free_before=4166
2971397,tx_frame,handle=1 slot=0 bytes=1630 slices=7 mtu=255 kind=reply
2971537,rx_write,handle=1 slot=0 bytes=6 accepted=6 free_before=4166
2971539,tx_frame,handle=1 slot=0 bytes=53 slices=1 mtu=255 kind=reply
2971597,rx_write,handle=1 slot=0 bytes=6 accepted=6 free_before=4166
2971602,tx_frame,handle=1 slot=0 bytes=588 slices=3 mtu=255 kind=reply
2971747,rx_write,handle=1 slot=0 bytes=6 accepted=6 free_before=4166
2971747,rx_write,handle=1 slot=0 bytes=24 accepted=24 free_before=4160
2971752,tx_frame,handle=1 slot=0 bytes=345 slices=2 mtu=255 kind=reply
2971755,tx_frame,handle=1 slot=0 bytes=308 slices=2 mtu=255 kind=reply
2971807,rx_write,handle=1 slot=0 bytes=18 accepted=18 free_before=4166
2971807,rx_write,handle=1 slot=0 bytes=24 accepted=24 free_before=4148
2971834,tx_frame,handle=1 slot=0 bytes=2022 slices=9 mtu=255 kind=reply
2971841,tx_frame,handle=1 slot=0 bytes=308 slices=2 mtu=255 kind=reply
2971927,rx_write,handle=1 slot=0 bytes=29 accepted=29 free_before=4166
2971954,tx_frame,handle=1 slot=0 bytes=2022 slices=9 mtu=255 kind=reply
2972077,rx_write,handle=1 slot=0 bytes=29 accepted=29 free_before=4166
2972099,tx_frame,handle=1 slot=0 bytes=956 slices=4 mtu=255 kind=reply
2975257,tx_subscribed,handle=1 value=0
2975257,disconnect,handle=1 slot=0 peer=6b:bd:87:a0:32:70 reason=531 registered=1
2975258,advertise_restart,advertising=1
2979217,connect,handle=1 slot=0 peer=7d:42:43:0c:e8:93 interval_units=24 timeout_ms=720 mtu=23
2979547,mtu,handle=1 value=255
2980237,tx_subscribed,handle=1 value=1
2980357,rx_write,handle=1 slot=0 bytes=6 accepted=6 free_before=4166
2980359,tx_frame,handle=1 slot=0 bytes=36 slices=1 mtu=255 kind=reply
2980417,rx_write,handle=1 slot=0 bytes=79 accepted=79 free_before=4166
2980420,tx_frame,handle=1 slot=0 bytes=17 slices=1 mtu=255 kind=reply
2980477,rx_write,handle=1 slot=0 bytes=6 accepted=6 free_before=4166
2980487,tx_frame,handle=1 slot=0 bytes=1630 slices=7 mtu=255 kind=reply
2980657,rx_write,handle=1 slot=0 bytes=6 accepted=6 free_before=4166
2980660,tx_frame,handle=1 slot=0 bytes=53 slices=1 mtu=255 kind=reply
2980717,rx_write,handle=1 slot=0 bytes=6 accepted=6 free_before=4166
2980722,tx_frame,handle=1 slot=0 bytes=588 slices=3 mtu=255 kind=reply
2980837,rx_write,handle=1 slot=0 bytes=6 accepted=6 free_before=4166
2980837,rx_write,handle=1 slot=0 bytes=24 accepted=24 free_before=4160
2980842,tx_frame,handle=1 slot=0 bytes=345 slices=2 mtu=255 kind=reply
2980845,tx_frame,handle=1 slot=0 bytes=308 slices=2 mtu=255 kind=reply
2980897,rx_write,handle=1 slot=0 bytes=18 accepted=18 free_before=4166
2980898,rx_write,handle=1 slot=0 bytes=24 accepted=24 free_before=4148
2980924,tx_frame,handle=1 slot=0 bytes=2022 slices=9 mtu=255 kind=reply
2980931,tx_frame,handle=1 slot=0 bytes=308 slices=2 mtu=255 kind=reply
2981047,rx_write,handle=1 slot=0 bytes=29 accepted=29 free_before=4166
2981074,tx_frame,handle=1 slot=0 bytes=2022 slices=9 mtu=255 kind=reply
2981167,rx_write,handle=1 slot=0 bytes=29 accepted=29 free_before=4166
2981190,tx_frame,handle=1 slot=0 bytes=956 slices=4 mtu=255 kind=reply
2983657,tx_subscribed,handle=1 value=0
2983657,disconnect,handle=1 slot=0 peer=7d:42:43:0c:e8:93 reason=531 registered=1
2983658,advertise_restart,advertising=1
2987587,connect,handle=1 slot=0 peer=7d:42:43:0c:e8:93 interval_units=24 timeout_ms=720 mtu=23
2987917,mtu,handle=1 value=255
2988487,tx_subscribed,handle=1 value=1
2988637,rx_write,handle=1 slot=0 bytes=6 accepted=6 free_before=4166
2988639,tx_frame,handle=1 slot=0 bytes=36 slices=1 mtu=255 kind=reply
2988697,rx_write,handle=1 slot=0 bytes=79 accepted=79 free_before=4166
2988702,tx_frame,handle=1 slot=0 bytes=17 slices=1 mtu=255 kind=reply
2988787,rx_write,handle=1 slot=0 bytes=6 accepted=6 free_before=4166
2988797,tx_frame,handle=1 slot=0 bytes=1630 slices=7 mtu=255 kind=reply
2988967,rx_write,handle=1 slot=0 bytes=6 accepted=6 free_before=4166
2988969,tx_frame,handle=1 slot=0 bytes=53 slices=1 mtu=255 kind=reply
2989057,rx_write,handle=1 slot=0 bytes=6 accepted=6 free_before=4166
2989062,tx_frame,handle=1 slot=0 bytes=588 slices=3 mtu=255 kind=reply
2989177,rx_write,handle=1 slot=0 bytes=6 accepted=6 free_before=4166
2989177,rx_write,handle=1 slot=0 bytes=24 accepted=24 free_before=4160
2989182,tx_frame,handle=1 slot=0 bytes=345 slices=2 mtu=255 kind=reply
2989185,tx_frame,handle=1 slot=0 bytes=308 slices=2 mtu=255 kind=reply
2989237,rx_write,handle=1 slot=0 bytes=18 accepted=18 free_before=4166
2989237,rx_write,handle=1 slot=0 bytes=24 accepted=24 free_before=4148
2989264,tx_frame,handle=1 slot=0 bytes=2022 slices=9 mtu=255 kind=reply
2989271,tx_frame,handle=1 slot=0 bytes=308 slices=2 mtu=255 kind=reply
2989387,rx_write,handle=1 slot=0 bytes=29 accepted=29 free_before=4166
2989416,tx_frame,handle=1 slot=0 bytes=2022 slices=9 mtu=255 kind=reply
2989537,rx_write,handle=1 slot=0 bytes=29 accepted=29 free_before=4166
2989559,tx_frame,handle=1 slot=0 bytes=956 slices=4 mtu=255 kind=reply
2991997,tx_subscribed,handle=1 value=0
2991997,disconnect,handle=1 slot=0 peer=7d:42:43:0c:e8:93 reason=531 registered=1
2991998,advertise_restart,advertising=1
2995327,connect,handle=1 slot=0 peer=7d:42:43:0c:e8:93 interval_units=24 timeout_ms=720 mtu=23
2995657,mtu,handle=1 value=255
2996287,tx_subscribed,handle=1 value=1
2996377,rx_write,handle=1 slot=0 bytes=6 accepted=6 free_before=4166
2996379,tx_frame,handle=1 slot=0 bytes=36 slices=1 mtu=255 kind=reply
2996437,rx_write,handle=1 slot=0 bytes=79 accepted=79 free_before=4166
2996439,tx_frame,handle=1 slot=0 bytes=17 slices=1 mtu=255 kind=reply
2996497,rx_write,handle=1 slot=0 bytes=6 accepted=6 free_before=4166
2996507,tx_frame,handle=1 slot=0 bytes=1630 slices=7 mtu=255 kind=reply
2996677,rx_write,handle=1 slot=0 bytes=6 accepted=6 free_before=4166
2996679,tx_frame,handle=1 slot=0 bytes=53 slices=1 mtu=255 kind=reply
2996737,rx_write,handle=1 slot=0 bytes=6 accepted=6 free_before=4166
2996742,tx_frame,handle=1 slot=0 bytes=588 slices=3 mtu=255 kind=reply
2996857,rx_write,handle=1 slot=0 bytes=6 accepted=6 free_before=4166
2996857,rx_write,handle=1 slot=0 bytes=24 accepted=24 free_before=4160
2996862,tx_frame,handle=1 slot=0 bytes=345 slices=2 mtu=255 kind=reply
2996865,tx_frame,handle=1 slot=0 bytes=308 slices=2 mtu=255 kind=reply
2996919,rx_write,handle=1 slot=0 bytes=18 accepted=18 free_before=4166
2996946,tx_frame,handle=1 slot=0 bytes=2022 slices=9 mtu=255 kind=reply
2996947,rx_write,handle=1 slot=0 bytes=24 accepted=24 free_before=4166
2996951,tx_frame,handle=1 slot=0 bytes=308 slices=2 mtu=255 kind=reply
2997037,rx_write,handle=1 slot=0 bytes=29 accepted=29 free_before=4166
2997065,tx_frame,handle=1 slot=0 bytes=2022 slices=9 mtu=255 kind=reply
2997187,rx_write,handle=1 slot=0 bytes=29 accepted=29 free_before=4166
2997209,tx_frame,handle=1 slot=0 bytes=956 slices=4 mtu=255 kind=reply
3026797,tx_subscribed,handle=1 value=0
3026798,disconnect,handle=1 slot=0 peer=7d:42:43:0c:e8:93 reason=531 registered=1
3026799,advertise_restart,advertising=1
3028388,connect,handle=1 slot=0 peer=7d:42:43:0c:e8:93 interval_units=24 timeout_ms=720 mtu=23
3028718,mtu,handle=1 value=255
3029287,tx_subscribed,handle=1 value=1
3029407,rx_write,handle=1 slot=0 bytes=6 accepted=6 free_before=4166
3029410,tx_frame,handle=1 slot=0 bytes=36 slices=1 mtu=255 kind=reply
3029438,rx_write,handle=1 slot=0 bytes=79 accepted=79 free_before=4166
3029440,tx_frame,handle=1 slot=0 bytes=17 slices=1 mtu=255 kind=reply
3029497,rx_write,handle=1 slot=0 bytes=6 accepted=6 free_before=4166
3029507,tx_frame,handle=1 slot=0 bytes=1630 slices=7 mtu=255 kind=reply
3029677,rx_write,handle=1 slot=0 bytes=6 accepted=6 free_before=4166
3029681,tx_frame,handle=1 slot=0 bytes=53 slices=1 mtu=255 kind=reply
3029737,rx_write,handle=1 slot=0 bytes=6 accepted=6 free_before=4166
3029744,tx_frame,handle=1 slot=0 bytes=588 slices=3 mtu=255 kind=reply
3029887,rx_write,handle=1 slot=0 bytes=6 accepted=6 free_before=4166
3029888,rx_write,handle=1 slot=0 bytes=24 accepted=24 free_before=4160
3029891,tx_frame,handle=1 slot=0 bytes=345 slices=2 mtu=255 kind=reply
3029894,tx_frame,handle=1 slot=0 bytes=308 slices=2 mtu=255 kind=reply
3029977,rx_write,handle=1 slot=0 bytes=18 accepted=18 free_before=4166
3029978,rx_write,handle=1 slot=0 bytes=24 accepted=24 free_before=4148
3030005,tx_frame,handle=1 slot=0 bytes=2022 slices=9 mtu=255 kind=reply
3030012,tx_frame,handle=1 slot=0 bytes=308 slices=2 mtu=255 kind=reply
3030097,rx_write,handle=1 slot=0 bytes=29 accepted=29 free_before=4166
3030125,tx_frame,handle=1 slot=0 bytes=2022 slices=9 mtu=255 kind=reply
3030247,rx_write,handle=1 slot=0 bytes=29 accepted=29 free_before=4166
3030270,tx_frame,handle=1 slot=0 bytes=956 slices=4 mtu=255 kind=reply
3032827,tx_subscribed,handle=1 value=0
3032828,disconnect,handle=1 slot=0 peer=7d:42:43:0c:e8:93 reason=531 registered=1
3032829,advertise_restart,advertising=1
3034328,connect,handle=1 slot=0 peer=7d:42:43:0c:e8:93 interval_units=24 timeout_ms=720 mtu=23
3034688,mtu,handle=1 value=255
3035287,tx_subscribed,handle=1 value=1
3035377,rx_write,handle=1 slot=0 bytes=6 accepted=6 free_before=4166
3035380,tx_frame,handle=1 slot=0 bytes=36 slices=1 mtu=255 kind=reply
3035468,rx_write,handle=1 slot=0 bytes=79 accepted=79 free_before=4166
3035470,tx_frame,handle=1 slot=0 bytes=17 slices=1 mtu=255 kind=reply
3035527,rx_write,handle=1 slot=0 bytes=6 accepted=6 free_before=4166
3035537,tx_frame,handle=1 slot=0 bytes=1630 slices=7 mtu=255 kind=reply
3035708,rx_write,handle=1 slot=0 bytes=6 accepted=6 free_before=4166
3035710,tx_frame,handle=1 slot=0 bytes=53 slices=1 mtu=255 kind=reply
3035767,rx_write,handle=1 slot=0 bytes=6 accepted=6 free_before=4166
3035772,tx_frame,handle=1 slot=0 bytes=588 slices=3 mtu=255 kind=reply
3035887,rx_write,handle=1 slot=0 bytes=6 accepted=6 free_before=4166
3035888,rx_write,handle=1 slot=0 bytes=24 accepted=24 free_before=4160
3035892,tx_frame,handle=1 slot=0 bytes=345 slices=2 mtu=255 kind=reply
3035895,tx_frame,handle=1 slot=0 bytes=308 slices=2 mtu=255 kind=reply
3036007,rx_write,handle=1 slot=0 bytes=18 accepted=18 free_before=4166
3036035,tx_frame,handle=1 slot=0 bytes=2022 slices=9 mtu=255 kind=reply
3036037,rx_write,handle=1 slot=0 bytes=24 accepted=24 free_before=4166
3036043,tx_frame,handle=1 slot=0 bytes=308 slices=2 mtu=255 kind=reply
3036127,rx_write,handle=1 slot=0 bytes=29 accepted=29 free_before=4166
3036155,tx_frame,handle=1 slot=0 bytes=2022 slices=9 mtu=255 kind=reply
3036307,rx_write,handle=1 slot=0 bytes=29 accepted=29 free_before=4166
3036330,tx_frame,handle=1 slot=0 bytes=956 slices=4 mtu=255 kind=reply
3038887,tx_subscribed,handle=1 value=0
3038888,disconnect,handle=1 slot=0 peer=7d:42:43:0c:e8:93 reason=531 registered=1
3038890,advertise_restart,advertising=1
3040388,connect,handle=1 slot=0 peer=7d:42:43:0c:e8:93 interval_units=24 timeout_ms=720 mtu=23
3040717,mtu,handle=1 value=255
3041287,tx_subscribed,handle=1 value=1
3041407,rx_write,handle=1 slot=0 bytes=6 accepted=6 free_before=4166
3041410,tx_frame,handle=1 slot=0 bytes=36 slices=1 mtu=255 kind=reply
3041468,rx_write,handle=1 slot=0 bytes=79 accepted=79 free_before=4166
3041470,tx_frame,handle=1 slot=0 bytes=17 slices=1 mtu=255 kind=reply
3041527,rx_write,handle=1 slot=0 bytes=6 accepted=6 free_before=4166
3041537,tx_frame,handle=1 slot=0 bytes=1630 slices=7 mtu=255 kind=reply
3041707,rx_write,handle=1 slot=0 bytes=6 accepted=6 free_before=4166
3041710,tx_frame,handle=1 slot=0 bytes=53 slices=1 mtu=255 kind=reply
3041767,rx_write,handle=1 slot=0 bytes=6 accepted=6 free_before=4166
3041772,tx_frame,handle=1 slot=0 bytes=588 slices=3 mtu=255 kind=reply
3041917,rx_write,handle=1 slot=0 bytes=6 accepted=6 free_before=4166
3041918,rx_write,handle=1 slot=0 bytes=24 accepted=24 free_before=4160
3041923,tx_frame,handle=1 slot=0 bytes=345 slices=2 mtu=255 kind=reply
3041926,tx_frame,handle=1 slot=0 bytes=308 slices=2 mtu=255 kind=reply
3041977,rx_write,handle=1 slot=0 bytes=18 accepted=18 free_before=4166
3041978,rx_write,handle=1 slot=0 bytes=24 accepted=24 free_before=4148
3042005,tx_frame,handle=1 slot=0 bytes=2022 slices=9 mtu=255 kind=reply
3042010,tx_frame,handle=1 slot=0 bytes=308 slices=2 mtu=255 kind=reply
3042097,rx_write,handle=1 slot=0 bytes=29 accepted=29 free_before=4166
3042125,tx_frame,handle=1 slot=0 bytes=2022 slices=9 mtu=255 kind=reply
3042217,rx_write,handle=1 slot=0 bytes=29 accepted=29 free_before=4166
3042240,tx_frame,handle=1 slot=0 bytes=956 slices=4 mtu=255 kind=reply
3044977,tx_subscribed,handle=1 value=0
3044978,disconnect,handle=1 slot=0 peer=7d:42:43:0c:e8:93 reason=531 registered=1
3044980,advertise_restart,advertising=1
3046508,connect,handle=1 slot=0 peer=7d:42:43:0c:e8:93 interval_units=24 timeout_ms=720 mtu=23
3046837,mtu,handle=1 value=255
3047407,tx_subscribed,handle=1 value=1
3047557,rx_write,handle=1 slot=0 bytes=6 accepted=6 free_before=4166
3047560,tx_frame,handle=1 slot=0 bytes=36 slices=1 mtu=255 kind=reply
3047618,rx_write,handle=1 slot=0 bytes=79 accepted=79 free_before=4166
3047620,tx_frame,handle=1 slot=0 bytes=17 slices=1 mtu=255 kind=reply
3047677,rx_write,handle=1 slot=0 bytes=6 accepted=6 free_before=4166
3047687,tx_frame,handle=1 slot=0 bytes=1630 slices=7 mtu=255 kind=reply
3047857,rx_write,handle=1 slot=0 bytes=6 accepted=6 free_before=4166
3047860,tx_frame,handle=1 slot=0 bytes=53 slices=1 mtu=255 kind=reply
3047917,rx_write,handle=1 slot=0 bytes=6 accepted=6 free_before=4166
3047922,tx_frame,handle=1 slot=0 bytes=588 slices=3 mtu=255 kind=reply
3048037,rx_write,handle=1 slot=0 bytes=6 accepted=6 free_before=4166
3048038,rx_write,handle=1 slot=0 bytes=24 accepted=24 free_before=4160
3048041,tx_frame,handle=1 slot=0 bytes=345 slices=2 mtu=255 kind=reply
3048044,tx_frame,handle=1 slot=0 bytes=308 slices=2 mtu=255 kind=reply
3048097,rx_write,handle=1 slot=0 bytes=18 accepted=18 free_before=4166
3048098,rx_write,handle=1 slot=0 bytes=24 accepted=24 free_before=4148
3048125,tx_frame,handle=1 slot=0 bytes=2022 slices=9 mtu=255 kind=reply
3048130,tx_frame,handle=1 slot=0 bytes=308 slices=2 mtu=255 kind=reply
3048217,rx_write,handle=1 slot=0 bytes=29 accepted=29 free_before=4166
3048245,tx_frame,handle=1 slot=0 bytes=2022 slices=9 mtu=255 kind=reply
3048367,rx_write,handle=1 slot=0 bytes=29 accepted=29 free_before=4166
3048390,tx_frame,handle=1 slot=0 bytes=956 slices=4 mtu=255 kind=reply
3051007,tx_subscribed,handle=1 value=0
3051008,disconnect,handle=1 slot=0 peer=7d:42:43:0c:e8:93 reason=531 registered=1
3051010,advertise_restart,advertising=1
3052478,connect,handle=1 slot=0 peer=7d:42:43:0c:e8:93 interval_units=24 timeout_ms=720 mtu=23
3052807,mtu,handle=1 value=255
3053437,tx_subscribed,handle=1 value=1
3053587,rx_write,handle=1 slot=0 bytes=6 accepted=6 free_before=4166
3053589,tx_frame,handle=1 slot=0 bytes=36 slices=1 mtu=255 kind=reply
3053648,rx_write,handle=1 slot=0 bytes=79 accepted=79 free_before=4166
3053650,tx_frame,handle=1 slot=0 bytes=17 slices=1 mtu=255 kind=reply
3053707,rx_write,handle=1 slot=0 bytes=6 accepted=6 free_before=4166
3053717,tx_frame,handle=1 slot=0 bytes=1630 slices=7 mtu=255 kind=reply
3053857,rx_write,handle=1 slot=0 bytes=6 accepted=6 free_before=4166
3053860,tx_frame,handle=1 slot=0 bytes=53 slices=1 mtu=255 kind=reply
3053917,rx_write,handle=1 slot=0 bytes=6 accepted=6 free_before=4166
3053922,tx_frame,handle=1 slot=0 bytes=588 slices=3 mtu=255 kind=reply
3054067,rx_write,handle=1 slot=0 bytes=6 accepted=6 free_before=4166
3054068,rx_write,handle=1 slot=0 bytes=24 accepted=24 free_before=4160
3054071,tx_frame,handle=1 slot=0 bytes=345 slices=2 mtu=255 kind=reply
3054074,tx_frame,handle=1 slot=0 bytes=308 slices=2 mtu=255 kind=reply
3054127,rx_write,handle=1 slot=0 bytes=18 accepted=18 free_before=4166
3054128,rx_write,handle=1 slot=0 bytes=24 accepted=24 free_before=4148
3054155,tx_frame,handle=1 slot=0 bytes=2022 slices=9 mtu=255 kind=reply
3054160,tx_frame,handle=1 slot=0 bytes=308 slices=2 mtu=255 kind=reply
3054247,rx_write,handle=1 slot=0 bytes=29 accepted=29 free_before=4166
3054275,tx_frame,handle=1 slot=0 bytes=2022 slices=9 mtu=255 kind=reply
3054367,rx_write,handle=1 slot=0 bytes=29 accepted=29 free_before=4166
3054390,tx_frame,handle=1 slot=0 bytes=956 slices=4 mtu=255 kind=reply
3057218,tx_subscribed,handle=1 value=0
3057218,disconnect,handle=1 slot=0 peer=7d:42:43:0c:e8:93 reason=531 registered=1
3057219,advertise_restart,advertising=1
3058718,connect,handle=1 slot=0 peer=7d:42:43:0c:e8:93 interval_units=24 timeout_ms=720 mtu=23
3059048,mtu,handle=1 value=255
3059677,tx_subscribed,handle=1 value=1
3059767,rx_write,handle=1 slot=0 bytes=6 accepted=6 free_before=4166
3059769,tx_frame,handle=1 slot=0 bytes=36 slices=1 mtu=255 kind=reply
3059828,rx_write,handle=1 slot=0 bytes=79 accepted=79 free_before=4166
3059830,tx_frame,handle=1 slot=0 bytes=17 slices=1 mtu=255 kind=reply
3059887,rx_write,handle=1 slot=0 bytes=6 accepted=6 free_before=4166
3059897,tx_frame,handle=1 slot=0 bytes=1630 slices=7 mtu=255 kind=reply
3060067,rx_write,handle=1 slot=0 bytes=6 accepted=6 free_before=4166
3060070,tx_frame,handle=1 slot=0 bytes=53 slices=1 mtu=255 kind=reply
3060127,rx_write,handle=1 slot=0 bytes=6 accepted=6 free_before=4166
3060132,tx_frame,handle=1 slot=0 bytes=588 slices=3 mtu=255 kind=reply
3060247,rx_write,handle=1 slot=0 bytes=6 accepted=6 free_before=4166
3060248,rx_write,handle=1 slot=0 bytes=24 accepted=24 free_before=4160
3060251,tx_frame,handle=1 slot=0 bytes=345 slices=2 mtu=255 kind=reply
3060254,tx_frame,handle=1 slot=0 bytes=308 slices=2 mtu=255 kind=reply
3060307,rx_write,handle=1 slot=0 bytes=18 accepted=18 free_before=4166
3060308,rx_write,handle=1 slot=0 bytes=24 accepted=24 free_before=4148
3060335,tx_frame,handle=1 slot=0 bytes=2022 slices=9 mtu=255 kind=reply
3060340,tx_frame,handle=1 slot=0 bytes=308 slices=2 mtu=255 kind=reply
3060428,rx_write,handle=1 slot=0 bytes=29 accepted=29 free_before=4166
3060456,tx_frame,handle=1 slot=0 bytes=2022 slices=9 mtu=255 kind=reply
3060577,rx_write,handle=1 slot=0 bytes=29 accepted=29 free_before=4166
3060600,tx_frame,handle=1 slot=0 bytes=956 slices=4 mtu=255 kind=reply
3063248,tx_subscribed,handle=1 value=0
3063248,disconnect,handle=1 slot=0 peer=7d:42:43:0c:e8:93 reason=531 registered=1
3063249,advertise_restart,advertising=1
3064838,connect,handle=1 slot=0 peer=7d:42:43:0c:e8:93 interval_units=24 timeout_ms=720 mtu=23
3065168,mtu,handle=1 value=255
3065707,tx_subscribed,handle=1 value=1
3065827,rx_write,handle=1 slot=0 bytes=6 accepted=6 free_before=4166
3065829,tx_frame,handle=1 slot=0 bytes=36 slices=1 mtu=255 kind=reply
3065918,rx_write,handle=1 slot=0 bytes=79 accepted=79 free_before=4166
3065920,tx_frame,handle=1 slot=0 bytes=17 slices=1 mtu=255 kind=reply
3065977,rx_write,handle=1 slot=0 bytes=6 accepted=6 free_before=4166
3065987,tx_frame,handle=1 slot=0 bytes=1630 slices=7 mtu=255 kind=reply
3066187,rx_write,handle=1 slot=0 bytes=6 accepted=6 free_before=4166
3066190,tx_frame,handle=1 slot=0 bytes=53 slices=1 mtu=255 kind=reply
3066247,rx_write,handle=1 slot=0 bytes=6 accepted=6 free_before=4166
3066252,tx_frame,handle=1 slot=0 bytes=588 slices=3 mtu=255 kind=reply
3066457,rx_write,handle=1 slot=0 bytes=6 accepted=6 free_before=4166
3066458,rx_write,handle=1 slot=0 bytes=24 accepted=24 free_before=4160
3066461,tx_frame,handle=1 slot=0 bytes=345 slices=2 mtu=255 kind=reply
3066464,tx_frame,handle=1 slot=0 bytes=308 slices=2 mtu=255 kind=reply
3066518,rx_write,handle=1 slot=0 bytes=18 accepted=18 free_before=4166
3066518,rx_write,handle=1 slot=0 bytes=24 accepted=24 free_before=4148
3066545,tx_frame,handle=1 slot=0 bytes=2022 slices=9 mtu=255 kind=reply
3066550,tx_frame,handle=1 slot=0 bytes=308 slices=2 mtu=255 kind=reply
3066639,rx_write,handle=1 slot=0 bytes=29 accepted=29 free_before=4166
3066666,tx_frame,handle=1 slot=0 bytes=2022 slices=9 mtu=255 kind=reply
3066758,rx_write,handle=1 slot=0 bytes=29 accepted=29 free_before=4166
3066781,tx_frame,handle=1 slot=0 bytes=956 slices=4 mtu=255 kind=reply
3069308,tx_subscribed,handle=1 value=0
3069308,disconnect,handle=1 slot=0 peer=7d:42:43:0c:e8:93 reason=531 registered=1
3069309,advertise_restart,advertising=1
3070838,connect,handle=1 slot=0 peer=7d:42:43:0c:e8:93 interval_units=24 timeout_ms=720 mtu=23
3071168,mtu,handle=1 value=255
3071708,tx_subscribed,handle=1 value=1
3071887,rx_write,handle=1 slot=0 bytes=6 accepted=6 free_before=4166
3071890,tx_frame,handle=1 slot=0 bytes=36 slices=1 mtu=255 kind=reply
3071948,rx_write,handle=1 slot=0 bytes=79 accepted=79 free_before=4166
3071950,tx_frame,handle=1 slot=0 bytes=17 slices=1 mtu=255 kind=reply
3072038,rx_write,handle=1 slot=0 bytes=6 accepted=6 free_before=4166
3072047,tx_frame,handle=1 slot=0 bytes=1630 slices=7 mtu=255 kind=reply
3072218,rx_write,handle=1 slot=0 bytes=6 accepted=6 free_before=4166
3072220,tx_frame,handle=1 slot=0 bytes=53 slices=1 mtu=255 kind=reply
3072278,rx_write,handle=1 slot=0 bytes=6 accepted=6 free_before=4166
3072282,tx_frame,handle=1 slot=0 bytes=588 slices=3 mtu=255 kind=reply
3072427,rx_write,handle=1 slot=0 bytes=6 accepted=6 free_before=4166
3072428,rx_write,handle=1 slot=0 bytes=24 accepted=24 free_before=4160
3072431,tx_frame,handle=1 slot=0 bytes=345 slices=2 mtu=255 kind=reply
3072434,tx_frame,handle=1 slot=0 bytes=308 slices=2 mtu=255 kind=reply
3072488,rx_write,handle=1 slot=0 bytes=18 accepted=18 free_before=4166
3072488,rx_write,handle=1 slot=0 bytes=24 accepted=24 free_before=4148
3072515,tx_frame,handle=1 slot=0 bytes=2022 slices=9 mtu=255 kind=reply
3072550,tx_frame,handle=1 slot=0 bytes=308 slices=2 mtu=255 kind=reply
3072638,rx_write,handle=1 slot=0 bytes=29 accepted=29 free_before=4166
3072665,tx_frame,handle=1 slot=0 bytes=2022 slices=9 mtu=255 kind=reply
3072758,rx_write,handle=1 slot=0 bytes=29 accepted=29 free_before=4166
3072780,tx_frame,handle=1 slot=0 bytes=956 slices=4 mtu=255 kind=reply
3075368,tx_subscribed,handle=1 value=0
3075368,disconnect,handle=1 slot=0 peer=7d:42:43:0c:e8:93 reason=531 registered=1
3075369,advertise_restart,advertising=1
3076868,connect,handle=1 slot=0 peer=7d:42:43:0c:e8:93 interval_units=24 timeout_ms=720 mtu=23
3077198,mtu,handle=1 value=255
3077768,tx_subscribed,handle=1 value=1
3077888,rx_write,handle=1 slot=0 bytes=6 accepted=6 free_before=4166
3077890,tx_frame,handle=1 slot=0 bytes=36 slices=1 mtu=255 kind=reply
3077948,rx_write,handle=1 slot=0 bytes=79 accepted=79 free_before=4166
3077950,tx_frame,handle=1 slot=0 bytes=17 slices=1 mtu=255 kind=reply
3078008,rx_write,handle=1 slot=0 bytes=6 accepted=6 free_before=4166
3078017,tx_frame,handle=1 slot=0 bytes=1630 slices=7 mtu=255 kind=reply
3078188,rx_write,handle=1 slot=0 bytes=6 accepted=6 free_before=4166
3078190,tx_frame,handle=1 slot=0 bytes=53 slices=1 mtu=255 kind=reply
3078278,rx_write,handle=1 slot=0 bytes=6 accepted=6 free_before=4166
3078282,tx_frame,handle=1 slot=0 bytes=588 slices=3 mtu=255 kind=reply
3078398,rx_write,handle=1 slot=0 bytes=6 accepted=6 free_before=4166
3078398,rx_write,handle=1 slot=0 bytes=24 accepted=24 free_before=4160
3078401,tx_frame,handle=1 slot=0 bytes=345 slices=2 mtu=255 kind=reply
3078404,tx_frame,handle=1 slot=0 bytes=308 slices=2 mtu=255 kind=reply
3078458,rx_write,handle=1 slot=0 bytes=18 accepted=18 free_before=4166
3078485,tx_frame,handle=1 slot=0 bytes=2022 slices=9 mtu=255 kind=reply
3078489,rx_write,handle=1 slot=0 bytes=24 accepted=24 free_before=4166
3078494,tx_frame,handle=1 slot=0 bytes=308 slices=2 mtu=255 kind=reply
3078578,rx_write,handle=1 slot=0 bytes=29 accepted=29 free_before=4166
3078605,tx_frame,handle=1 slot=0 bytes=2022 slices=9 mtu=255 kind=reply
3078758,rx_write,handle=1 slot=0 bytes=29 accepted=29 free_before=4166
3078781,tx_frame,handle=1 slot=0 bytes=956 slices=4 mtu=255 kind=reply
3081428,tx_subscribed,handle=1 value=0
3081429,disconnect,handle=1 slot=0 peer=7d:42:43:0c:e8:93 reason=531 registered=1
3081429,advertise_restart,advertising=1
3082898,connect,handle=1 slot=0 peer=7d:42:43:0c:e8:93 interval_units=24 timeout_ms=720 mtu=23
3083258,mtu,handle=1 value=255
3083888,tx_subscribed,handle=1 value=1
3084008,rx_write,handle=1 slot=0 bytes=6 accepted=6 free_before=4166
3084009,tx_frame,handle=1 slot=0 bytes=36 slices=1 mtu=255 kind=reply
3084098,rx_write,handle=1 slot=0 bytes=79 accepted=79 free_before=4166
3084100,tx_frame,handle=1 slot=0 bytes=17 slices=1 mtu=255 kind=reply
3084158,rx_write,handle=1 slot=0 bytes=6 accepted=6 free_before=4166
3084167,tx_frame,handle=1 slot=0 bytes=1630 slices=7 mtu=255 kind=reply
3084398,rx_write,handle=1 slot=0 bytes=6 accepted=6 free_before=4166
3084400,tx_frame,handle=1 slot=0 bytes=53 slices=1 mtu=255 kind=reply
3084458,rx_write,handle=1 slot=0 bytes=6 accepted=6 free_before=4166
3084462,tx_frame,handle=1 slot=0 bytes=588 slices=3 mtu=255 kind=reply
3084608,rx_write,handle=1 slot=0 bytes=6 accepted=6 free_before=4166
3084608,rx_write,handle=1 slot=0 bytes=24 accepted=24 free_before=4160
3084611,tx_frame,handle=1 slot=0 bytes=345 slices=2 mtu=255 kind=reply
3084614,tx_frame,handle=1 slot=0 bytes=308 slices=2 mtu=255 kind=reply
3084668,rx_write,handle=1 slot=0 bytes=18 accepted=18 free_before=4166
3084695,tx_frame,handle=1 slot=0 bytes=2022 slices=9 mtu=255 kind=reply
3084728,rx_write,handle=1 slot=0 bytes=24 accepted=24 free_before=4166
3084734,tx_frame,handle=1 slot=0 bytes=308 slices=2 mtu=255 kind=reply
3084818,rx_write,handle=1 slot=0 bytes=29 accepted=29 free_before=4166
3084845,tx_frame,handle=1 slot=0 bytes=2022 slices=9 mtu=255 kind=reply
3084968,rx_write,handle=1 slot=0 bytes=29 accepted=29 free_before=4166
3084990,tx_frame,handle=1 slot=0 bytes=956 slices=4 mtu=255 kind=reply
3108308,rx_write,handle=1 slot=0 bytes=6 accepted=6 free_before=4166
3108309,tx_frame,handle=1 slot=0 bytes=53 slices=1 mtu=255 kind=reply
3108548,rx_write,handle=1 slot=0 bytes=6 accepted=6 free_before=4166
3108550,tx_frame,handle=1 slot=0 bytes=53 slices=1 mtu=255 kind=reply
3110708,rx_write,handle=1 slot=0 bytes=6 accepted=6 free_before=4166
3110710,tx_frame,handle=1 slot=0 bytes=53 slices=1 mtu=255 kind=reply
3110949,rx_write,handle=1 slot=0 bytes=6 accepted=6 free_before=4166
3110952,tx_frame,handle=1 slot=0 bytes=53 slices=1 mtu=255 kind=reply
3113108,rx_write,handle=1 slot=0 bytes=6 accepted=6 free_before=4166
3113110,tx_frame,handle=1 slot=0 bytes=53 slices=1 mtu=255 kind=reply
3113348,rx_write,handle=1 slot=0 bytes=6 accepted=6 free_before=4166
3113349,tx_frame,handle=1 slot=0 bytes=53 slices=1 mtu=255 kind=reply
3115508,rx_write,handle=1 slot=0 bytes=6 accepted=6 free_before=4166
3115510,tx_frame,handle=1 slot=0 bytes=53 slices=1 mtu=255 kind=reply
3115777,rx_write,handle=1 slot=0 bytes=6 accepted=6 free_before=4166
3115779,tx_frame,handle=1 slot=0 bytes=53 slices=1 mtu=255 kind=reply
3117908,rx_write,handle=1 slot=0 bytes=6 accepted=6 free_before=4166
3117910,tx_frame,handle=1 slot=0 bytes=53 slices=1 mtu=255 kind=reply
3118177,rx_write,handle=1 slot=0 bytes=6 accepted=6 free_before=4166
3118180,tx_frame,handle=1 slot=0 bytes=53 slices=1 mtu=255 kind=reply
3118447,rx_write,handle=1 slot=0 bytes=6 accepted=6 free_before=4166
3118449,tx_frame,handle=1 slot=0 bytes=53 slices=1 mtu=255 kind=reply
3118717,rx_write,handle=1 slot=0 bytes=6 accepted=6 free_before=4166
3118720,tx_frame,handle=1 slot=0 bytes=53 slices=1 mtu=255 kind=reply
3118957,rx_write,handle=1 slot=0 bytes=6 accepted=6 free_before=4166
3118960,tx_frame,handle=1 slot=0 bytes=53 slices=1 mtu=255 kind=reply
3119227,rx_write,handle=1 slot=0 bytes=6 accepted=6 free_before=4166
3119229,tx_frame,handle=1 slot=0 bytes=53 slices=1 mtu=255 kind=reply
3119497,rx_write,handle=1 slot=0 bytes=6 accepted=6 free_before=4166
3119500,tx_frame,handle=1 slot=0 bytes=53 slices=1 mtu=255 kind=reply
3119737,rx_write,handle=1 slot=0 bytes=6 accepted=6 free_before=4166
3119739,tx_frame,handle=1 slot=0 bytes=53 slices=1 mtu=255 kind=reply
3120007,rx_write,handle=1 slot=0 bytes=6 accepted=6 free_before=4166
3120009,tx_frame,handle=1 slot=0 bytes=53 slices=1 mtu=255 kind=reply
3120277,rx_write,handle=1 slot=0 bytes=6 accepted=6 free_before=4166
3120281,tx_frame,handle=1 slot=0 bytes=53 slices=1 mtu=255 kind=reply
3120547,rx_write,handle=1 slot=0 bytes=6 accepted=6 free_before=4166
3120550,tx_frame,handle=1 slot=0 bytes=53 slices=1 mtu=255 kind=reply
3120787,rx_write,handle=1 slot=0 bytes=6 accepted=6 free_before=4166
3120789,tx_frame,handle=1 slot=0 bytes=53 slices=1 mtu=255 kind=reply
3121057,rx_write,handle=1 slot=0 bytes=6 accepted=6 free_before=4166
3121059,tx_frame,handle=1 slot=0 bytes=53 slices=1 mtu=255 kind=reply
3121327,rx_write,handle=1 slot=0 bytes=6 accepted=6 free_before=4166
3121330,tx_frame,handle=1 slot=0 bytes=53 slices=1 mtu=255 kind=reply
3121627,rx_write,handle=1 slot=0 bytes=6 accepted=6 free_before=4166
3121629,tx_frame,handle=1 slot=0 bytes=53 slices=1 mtu=255 kind=reply
3121897,rx_write,handle=1 slot=0 bytes=6 accepted=6 free_before=4166
3121900,tx_frame,handle=1 slot=0 bytes=53 slices=1 mtu=255 kind=reply
3122167,rx_write,handle=1 slot=0 bytes=6 accepted=6 free_before=4166
3122169,tx_frame,handle=1 slot=0 bytes=53 slices=1 mtu=255 kind=reply
3122467,rx_write,handle=1 slot=0 bytes=6 accepted=6 free_before=4166
3122470,tx_frame,handle=1 slot=0 bytes=53 slices=1 mtu=255 kind=reply
3122737,rx_write,handle=1 slot=0 bytes=6 accepted=6 free_before=4166
3122739,tx_frame,handle=1 slot=0 bytes=53 slices=1 mtu=255 kind=reply
3123007,rx_write,handle=1 slot=0 bytes=6 accepted=6 free_before=4166
3123009,tx_frame,handle=1 slot=0 bytes=53 slices=1 mtu=255 kind=reply
3123277,rx_write,handle=1 slot=0 bytes=6 accepted=6 free_before=4166
3123280,tx_frame,handle=1 slot=0 bytes=53 slices=1 mtu=255 kind=reply
3123547,rx_write,handle=1 slot=0 bytes=6 accepted=6 free_before=4166
3123549,tx_frame,handle=1 slot=0 bytes=53 slices=1 mtu=255 kind=reply
3123847,rx_write,handle=1 slot=0 bytes=6 accepted=6 free_before=4166
3123850,tx_frame,handle=1 slot=0 bytes=53 slices=1 mtu=255 kind=reply
3124118,rx_write,handle=1 slot=0 bytes=6 accepted=6 free_before=4166
3124120,tx_frame,handle=1 slot=0 bytes=53 slices=1 mtu=255 kind=reply
3124387,rx_write,handle=1 slot=0 bytes=6 accepted=6 free_before=4166
3124389,tx_frame,handle=1 slot=0 bytes=53 slices=1 mtu=255 kind=reply
3124627,rx_write,handle=1 slot=0 bytes=6 accepted=6 free_before=4166
3124630,tx_frame,handle=1 slot=0 bytes=53 slices=1 mtu=255 kind=reply
3124897,rx_write,handle=1 slot=0 bytes=6 accepted=6 free_before=4166
3124899,tx_frame,handle=1 slot=0 bytes=53 slices=1 mtu=255 kind=reply
3125167,rx_write,handle=1 slot=0 bytes=6 accepted=6 free_before=4166
3125169,tx_frame,handle=1 slot=0 bytes=53 slices=1 mtu=255 kind=reply
3125407,rx_write,handle=1 slot=0 bytes=6 accepted=6 free_before=4166
3125410,tx_frame,handle=1 slot=0 bytes=53 slices=1 mtu=255 kind=reply
3125677,rx_write,handle=1 slot=0 bytes=6 accepted=6 free_before=4166
3125679,tx_frame,handle=1 slot=0 bytes=53 slices=1 mtu=255 kind=reply
3125977,rx_write,handle=1 slot=0 bytes=6 accepted=6 free_before=4166
3125979,tx_frame,handle=1 slot=0 bytes=53 slices=1 mtu=255 kind=reply
3126217,rx_write,handle=1 slot=0 bytes=6 accepted=6 free_before=4166
3126220,tx_frame,handle=1 slot=0 bytes=53 slices=1 mtu=255 kind=reply
3126487,rx_write,handle=1 slot=0 bytes=6 accepted=6 free_before=4166
3126489,tx_frame,handle=1 slot=0 bytes=53 slices=1 mtu=255 kind=reply
3126758,rx_write,handle=1 slot=0 bytes=6 accepted=6 free_before=4166
3126760,tx_frame,handle=1 slot=0 bytes=53 slices=1 mtu=255 kind=reply
3127058,rx_write,handle=1 slot=0 bytes=6 accepted=6 free_before=4166
3127060,tx_frame,handle=1 slot=0 bytes=53 slices=1 mtu=255 kind=reply
3127328,rx_write,handle=1 slot=0 bytes=6 accepted=6 free_before=4166
3127330,tx_frame,handle=1 slot=0 bytes=53 slices=1 mtu=255 kind=reply
3127598,rx_write,handle=1 slot=0 bytes=6 accepted=6 free_before=4166
3127599,tx_frame,handle=1 slot=0 bytes=53 slices=1 mtu=255 kind=reply
3127838,rx_write,handle=1 slot=0 bytes=6 accepted=6 free_before=4166
3127840,tx_frame,handle=1 slot=0 bytes=53 slices=1 mtu=255 kind=reply
3128108,rx_write,handle=1 slot=0 bytes=6 accepted=6 free_before=4166
3128110,tx_frame,handle=1 slot=0 bytes=53 slices=1 mtu=255 kind=reply
3128378,rx_write,handle=1 slot=0 bytes=6 accepted=6 free_before=4166
3128379,tx_frame,handle=1 slot=0 bytes=53 slices=1 mtu=255 kind=reply
3128648,rx_write,handle=1 slot=0 bytes=6 accepted=6 free_before=4166
3128650,tx_frame,handle=1 slot=0 bytes=53 slices=1 mtu=255 kind=reply
3128888,rx_write,handle=1 slot=0 bytes=6 accepted=6 free_before=4166
3128889,tx_frame,handle=1 slot=0 bytes=53 slices=1 mtu=255 kind=reply
3129128,rx_write,handle=1 slot=0 bytes=6 accepted=6 free_before=4166
3129129,tx_frame,handle=1 slot=0 bytes=53 slices=1 mtu=255 kind=reply
3129368,rx_write,handle=1 slot=0 bytes=6 accepted=6 free_before=4166
3129370,tx_frame,handle=1 slot=0 bytes=53 slices=1 mtu=255 kind=reply
3129608,rx_write,handle=1 slot=0 bytes=6 accepted=6 free_before=4166
3129609,tx_frame,handle=1 slot=0 bytes=53 slices=1 mtu=255 kind=reply
3129878,rx_write,handle=1 slot=0 bytes=6 accepted=6 free_before=4166
3129880,tx_frame,handle=1 slot=0 bytes=53 slices=1 mtu=255 kind=reply
3130148,rx_write,handle=1 slot=0 bytes=6 accepted=6 free_before=4166
3130150,tx_frame,handle=1 slot=0 bytes=53 slices=1 mtu=255 kind=reply
3130448,rx_write,handle=1 slot=0 bytes=6 accepted=6 free_before=4166
3130449,tx_frame,handle=1 slot=0 bytes=53 slices=1 mtu=255 kind=reply
3130718,rx_write,handle=1 slot=0 bytes=6 accepted=6 free_before=4166
3130720,tx_frame,handle=1 slot=0 bytes=53 slices=1 mtu=255 kind=reply
3130959,rx_write,handle=1 slot=0 bytes=6 accepted=6 free_before=4166
3130961,tx_frame,handle=1 slot=0 bytes=53 slices=1 mtu=255 kind=reply
3131228,rx_write,handle=1 slot=0 bytes=6 accepted=6 free_before=4166
3131230,tx_frame,handle=1 slot=0 bytes=53 slices=1 mtu=255 kind=reply
3131468,rx_write,handle=1 slot=0 bytes=6 accepted=6 free_before=4166
3131469,tx_frame,handle=1 slot=0 bytes=53 slices=1 mtu=255 kind=reply
3131768,rx_write,handle=1 slot=0 bytes=6 accepted=6 free_before=4166
3131771,tx_frame,handle=1 slot=0 bytes=53 slices=1 mtu=255 kind=reply
3132038,rx_write,handle=1 slot=0 bytes=6 accepted=6 free_before=4166
3132039,tx_frame,handle=1 slot=0 bytes=53 slices=1 mtu=255 kind=reply
3132338,rx_write,handle=1 slot=0 bytes=6 accepted=6 free_before=4166
3132339,tx_frame,handle=1 slot=0 bytes=53 slices=1 mtu=255 kind=reply
3132578,rx_write,handle=1 slot=0 bytes=6 accepted=6 free_before=4166
3132580,tx_frame,handle=1 slot=0 bytes=53 slices=1 mtu=255 kind=reply
3132878,rx_write,handle=1 slot=0 bytes=6 accepted=6 free_before=4166
3132879,tx_frame,handle=1 slot=0 bytes=53 slices=1 mtu=255 kind=reply
3133178,rx_write,handle=1 slot=0 bytes=6 accepted=6 free_before=4166
3133179,tx_frame,handle=1 slot=0 bytes=53 slices=1 mtu=255 kind=reply
3133448,rx_write,handle=1 slot=0 bytes=6 accepted=6 free_before=4166
3133450,tx_frame,handle=1 slot=0 bytes=53 slices=1 mtu=255 kind=reply
3133688,rx_write,handle=1 slot=0 bytes=6 accepted=6 free_before=4166
3133689,tx_frame,handle=1 slot=0 bytes=53 slices=1 mtu=255 kind=reply
3133958,rx_write,handle=1 slot=0 bytes=6 accepted=6 free_before=4166
3133959,tx_frame,handle=1 slot=0 bytes=53 slices=1 mtu=255 kind=reply
3134198,rx_write,handle=1 slot=0 bytes=6 accepted=6 free_before=4166
3134200,tx_frame,handle=1 slot=0 bytes=53 slices=1 mtu=255 kind=reply
3134438,rx_write,handle=1 slot=0 bytes=6 accepted=6 free_before=4166
3134439,tx_frame,handle=1 slot=0 bytes=53 slices=1 mtu=255 kind=reply
3134708,rx_write,handle=1 slot=0 bytes=6 accepted=6 free_before=4166
3134710,tx_frame,handle=1 slot=0 bytes=53 slices=1 mtu=255 kind=reply
3134979,rx_write,handle=1 slot=0 bytes=6 accepted=6 free_before=4166
3134981,tx_frame,handle=1 slot=0 bytes=53 slices=1 mtu=255 kind=reply
3135248,rx_write,handle=1 slot=0 bytes=6 accepted=6 free_before=4166
3135250,tx_frame,handle=1 slot=0 bytes=53 slices=1 mtu=255 kind=reply
3135518,rx_write,handle=1 slot=0 bytes=6 accepted=6 free_before=4166
3135519,tx_frame,handle=1 slot=0 bytes=53 slices=1 mtu=255 kind=reply
3135788,rx_write,handle=1 slot=0 bytes=6 accepted=6 free_before=4166
3135790,tx_frame,handle=1 slot=0 bytes=53 slices=1 mtu=255 kind=reply
3136088,rx_write,handle=1 slot=0 bytes=6 accepted=6 free_before=4166
3136090,tx_frame,handle=1 slot=0 bytes=53 slices=1 mtu=255 kind=reply
3136358,rx_write,handle=1 slot=0 bytes=6 accepted=6 free_before=4166
3136359,tx_frame,handle=1 slot=0 bytes=53 slices=1 mtu=255 kind=reply
3136598,rx_write,handle=1 slot=0 bytes=6 accepted=6 free_before=4166
3136600,tx_frame,handle=1 slot=0 bytes=53 slices=1 mtu=255 kind=reply
3136898,rx_write,handle=1 slot=0 bytes=6 accepted=6 free_before=4166
3136899,tx_frame,handle=1 slot=0 bytes=53 slices=1 mtu=255 kind=reply
3137168,rx_write,handle=1 slot=0 bytes=6 accepted=6 free_before=4166
3137169,tx_frame,handle=1 slot=0 bytes=53 slices=1 mtu=255 kind=reply
3137438,rx_write,handle=1 slot=0 bytes=6 accepted=6 free_before=4166
3137440,tx_frame,handle=1 slot=0 bytes=53 slices=1 mtu=255 kind=reply
3137678,rx_write,handle=1 slot=0 bytes=6 accepted=6 free_before=4166
3137679,tx_frame,handle=1 slot=0 bytes=53 slices=1 mtu=255 kind=reply
3137978,rx_write,handle=1 slot=0 bytes=6 accepted=6 free_before=4166
3137979,tx_frame,handle=1 slot=0 bytes=53 slices=1 mtu=255 kind=reply
3138188,rx_write,handle=1 slot=0 bytes=6 accepted=6 free_before=4166
3138190,tx_frame,handle=1 slot=0 bytes=53 slices=1 mtu=255 kind=reply
3138428,rx_write,handle=1 slot=0 bytes=6 accepted=6 free_before=4166
3138429,tx_frame,handle=1 slot=0 bytes=53 slices=1 mtu=255 kind=reply
3138698,rx_write,handle=1 slot=0 bytes=6 accepted=6 free_before=4166
3138700,tx_frame,handle=1 slot=0 bytes=53 slices=1 mtu=255 kind=reply
3138998,rx_write,handle=1 slot=0 bytes=6 accepted=6 free_before=4166
3139000,tx_frame,handle=1 slot=0 bytes=53 slices=1 mtu=255 kind=reply
3139268,rx_write,handle=1 slot=0 bytes=6 accepted=6 free_before=4166
3139269,tx_frame,handle=1 slot=0 bytes=53 slices=1 mtu=255 kind=reply
3139538,rx_write,handle=1 slot=0 bytes=6 accepted=6 free_before=4166
3139540,tx_frame,handle=1 slot=0 bytes=53 slices=1 mtu=255 kind=reply
3139808,rx_write,handle=1 slot=0 bytes=6 accepted=6 free_before=4166
3139810,tx_frame,handle=1 slot=0 bytes=53 slices=1 mtu=255 kind=reply
3140078,rx_write,handle=1 slot=0 bytes=6 accepted=6 free_before=4166
3140080,tx_frame,handle=1 slot=0 bytes=53 slices=1 mtu=255 kind=reply
3140348,rx_write,handle=1 slot=0 bytes=6 accepted=6 free_before=4166
3140350,tx_frame,handle=1 slot=0 bytes=53 slices=1 mtu=255 kind=reply
3140588,rx_write,handle=1 slot=0 bytes=6 accepted=6 free_before=4166
3140590,tx_frame,handle=1 slot=0 bytes=53 slices=1 mtu=255 kind=reply
3140828,rx_write,handle=1 slot=0 bytes=6 accepted=6 free_before=4166
3140830,tx_frame,handle=1 slot=0 bytes=53 slices=1 mtu=255 kind=reply
3141098,rx_write,handle=1 slot=0 bytes=6 accepted=6 free_before=4166
3141100,tx_frame,handle=1 slot=0 bytes=53 slices=1 mtu=255 kind=reply
3141338,rx_write,handle=1 slot=0 bytes=6 accepted=6 free_before=4166
3141339,tx_frame,handle=1 slot=0 bytes=53 slices=1 mtu=255 kind=reply
3141608,rx_write,handle=1 slot=0 bytes=6 accepted=6 free_before=4166
3141610,tx_frame,handle=1 slot=0 bytes=53 slices=1 mtu=255 kind=reply
3141878,rx_write,handle=1 slot=0 bytes=6 accepted=6 free_before=4166
3141880,tx_frame,handle=1 slot=0 bytes=53 slices=1 mtu=255 kind=reply
3142148,rx_write,handle=1 slot=0 bytes=6 accepted=6 free_before=4166
3142150,tx_frame,handle=1 slot=0 bytes=53 slices=1 mtu=255 kind=reply
3142418,rx_write,handle=1 slot=0 bytes=6 accepted=6 free_before=4166
3142420,tx_frame,handle=1 slot=0 bytes=53 slices=1 mtu=255 kind=reply
3142628,tx_subscribed,handle=1 value=0
3142629,disconnect,handle=1 slot=0 peer=7d:42:43:0c:e8:93 reason=531 registered=1
3142631,advertise_restart,advertising=1
3243189,connect,handle=1 slot=0 peer=74:41:80:71:fc:64 interval_units=24 timeout_ms=720 mtu=23
3243518,mtu,handle=1 value=255
3244148,tx_subscribed,handle=1 value=1
3244268,rx_write,handle=1 slot=0 bytes=6 accepted=6 free_before=4166
3244272,tx_frame,handle=1 slot=0 bytes=36 slices=1 mtu=255 kind=reply
3244328,rx_write,handle=1 slot=0 bytes=79 accepted=79 free_before=4166
3244331,tx_frame,handle=1 slot=0 bytes=17 slices=1 mtu=255 kind=reply
3244388,rx_write,handle=1 slot=0 bytes=6 accepted=6 free_before=4166
3244398,tx_frame,handle=1 slot=0 bytes=1640 slices=7 mtu=255 kind=reply
3244538,rx_write,handle=1 slot=0 bytes=6 accepted=6 free_before=4166
3244542,tx_frame,handle=1 slot=0 bytes=53 slices=1 mtu=255 kind=reply
3244598,rx_write,handle=1 slot=0 bytes=6 accepted=6 free_before=4166
3244604,tx_frame,handle=1 slot=0 bytes=588 slices=3 mtu=255 kind=reply
3244688,rx_write,handle=1 slot=0 bytes=6 accepted=6 free_before=4166
3244689,rx_write,handle=1 slot=0 bytes=24 accepted=24 free_before=4160
3244694,tx_frame,handle=1 slot=0 bytes=345 slices=2 mtu=255 kind=reply
3244697,tx_frame,handle=1 slot=0 bytes=308 slices=2 mtu=255 kind=reply
3244838,rx_write,handle=1 slot=0 bytes=18 accepted=18 free_before=4166
3244839,rx_write,handle=1 slot=0 bytes=24 accepted=24 free_before=4148
3244866,tx_frame,handle=1 slot=0 bytes=2022 slices=9 mtu=255 kind=reply
3244871,tx_frame,handle=1 slot=0 bytes=308 slices=2 mtu=255 kind=reply
3244988,rx_write,handle=1 slot=0 bytes=29 accepted=29 free_before=4166
3245016,tx_frame,handle=1 slot=0 bytes=2022 slices=9 mtu=255 kind=reply
3245108,rx_write,handle=1 slot=0 bytes=29 accepted=29 free_before=4166
3245131,tx_frame,handle=1 slot=0 bytes=956 slices=4 mtu=255 kind=reply
3246039,tx_subscribed,handle=1 value=0
3246039,disconnect,handle=1 slot=0 peer=74:41:80:71:fc:64 reason=531 registered=1
3246040,advertise_restart,advertising=1
3249999,connect,handle=1 slot=0 peer=74:41:80:71:fc:64 interval_units=24 timeout_ms=720 mtu=23
3250329,mtu,handle=1 value=255
3250868,tx_subscribed,handle=1 value=1
3250988,rx_write,handle=1 slot=0 bytes=6 accepted=6 free_before=4166
3250990,tx_frame,handle=1 slot=0 bytes=36 slices=1 mtu=255 kind=reply
3251049,rx_write,handle=1 slot=0 bytes=79 accepted=79 free_before=4166
3251051,tx_frame,handle=1 slot=0 bytes=17 slices=1 mtu=255 kind=reply
3251108,rx_write,handle=1 slot=0 bytes=6 accepted=6 free_before=4166
3251118,tx_frame,handle=1 slot=0 bytes=1641 slices=7 mtu=255 kind=reply
3251258,rx_write,handle=1 slot=0 bytes=6 accepted=6 free_before=4166
3251262,tx_frame,handle=1 slot=0 bytes=53 slices=1 mtu=255 kind=reply
3251318,rx_write,handle=1 slot=0 bytes=6 accepted=6 free_before=4166
3251325,tx_frame,handle=1 slot=0 bytes=588 slices=3 mtu=255 kind=reply
3251408,rx_write,handle=1 slot=0 bytes=6 accepted=6 free_before=4166
3251409,rx_write,handle=1 slot=0 bytes=24 accepted=24 free_before=4160
3251412,tx_frame,handle=1 slot=0 bytes=345 slices=2 mtu=255 kind=reply
3251415,tx_frame,handle=1 slot=0 bytes=308 slices=2 mtu=255 kind=reply
3251468,rx_write,handle=1 slot=0 bytes=18 accepted=18 free_before=4166
3251498,rx_write,handle=1 slot=0 bytes=24 accepted=24 free_before=4166
3251501,tx_frame,handle=1 slot=0 bytes=2022 slices=9 mtu=255 kind=reply
3251531,tx_frame,handle=1 slot=0 bytes=308 slices=2 mtu=255 kind=reply
3251618,rx_write,handle=1 slot=0 bytes=29 accepted=29 free_before=4166
3251645,tx_frame,handle=1 slot=0 bytes=2022 slices=9 mtu=255 kind=reply
3251738,rx_write,handle=1 slot=0 bytes=29 accepted=29 free_before=4166
3251760,tx_frame,handle=1 slot=0 bytes=956 slices=4 mtu=255 kind=reply
3252699,tx_subscribed,handle=1 value=0
3252699,disconnect,handle=1 slot=0 peer=74:41:80:71:fc:64 reason=531 registered=1
3252700,advertise_restart,advertising=1
3254769,connect,handle=1 slot=0 peer=74:41:80:71:fc:64 interval_units=24 timeout_ms=720 mtu=23
3255098,mtu,handle=1 value=255
3255638,tx_subscribed,handle=1 value=1
3255758,rx_write,handle=1 slot=0 bytes=6 accepted=6 free_before=4166
3255760,tx_frame,handle=1 slot=0 bytes=36 slices=1 mtu=255 kind=reply
3255819,rx_write,handle=1 slot=0 bytes=79 accepted=79 free_before=4166
3255821,tx_frame,handle=1 slot=0 bytes=17 slices=1 mtu=255 kind=reply
3255878,rx_write,handle=1 slot=0 bytes=6 accepted=6 free_before=4166
3255888,tx_frame,handle=1 slot=0 bytes=1641 slices=7 mtu=255 kind=reply
3256058,rx_write,handle=1 slot=0 bytes=6 accepted=6 free_before=4166
3256061,tx_frame,handle=1 slot=0 bytes=53 slices=1 mtu=255 kind=reply
3256148,rx_write,handle=1 slot=0 bytes=6 accepted=6 free_before=4166
3256153,tx_frame,handle=1 slot=0 bytes=588 slices=3 mtu=255 kind=reply
3256268,rx_write,handle=1 slot=0 bytes=6 accepted=6 free_before=4166
3256269,rx_write,handle=1 slot=0 bytes=24 accepted=24 free_before=4160
3256272,tx_frame,handle=1 slot=0 bytes=345 slices=2 mtu=255 kind=reply
3256275,tx_frame,handle=1 slot=0 bytes=308 slices=2 mtu=255 kind=reply
3256328,rx_write,handle=1 slot=0 bytes=18 accepted=18 free_before=4166
3256329,rx_write,handle=1 slot=0 bytes=24 accepted=24 free_before=4148
3256356,tx_frame,handle=1 slot=0 bytes=2022 slices=9 mtu=255 kind=reply
3256361,tx_frame,handle=1 slot=0 bytes=308 slices=2 mtu=255 kind=reply
3256479,rx_write,handle=1 slot=0 bytes=29 accepted=29 free_before=4166
3256506,tx_frame,handle=1 slot=0 bytes=2022 slices=9 mtu=255 kind=reply
3256598,rx_write,handle=1 slot=0 bytes=29 accepted=29 free_before=4166
3256621,tx_frame,handle=1 slot=0 bytes=956 slices=4 mtu=255 kind=reply
3257499,tx_subscribed,handle=1 value=0
3257499,disconnect,handle=1 slot=0 peer=74:41:80:71:fc:64 reason=531 registered=1
3257500,advertise_restart,advertising=1
3259059,connect,handle=1 slot=0 peer=74:41:80:71:fc:64 interval_units=24 timeout_ms=720 mtu=23
3259388,mtu,handle=1 value=255
3260018,tx_subscribed,handle=1 value=1
3260108,rx_write,handle=1 slot=0 bytes=6 accepted=6 free_before=4166
3260111,tx_frame,handle=1 slot=0 bytes=36 slices=1 mtu=255 kind=reply
3260169,rx_write,handle=1 slot=0 bytes=79 accepted=79 free_before=4166
3260171,tx_frame,handle=1 slot=0 bytes=17 slices=1 mtu=255 kind=reply
3260258,rx_write,handle=1 slot=0 bytes=6 accepted=6 free_before=4166
3260268,tx_frame,handle=1 slot=0 bytes=1641 slices=7 mtu=255 kind=reply
3260438,rx_write,handle=1 slot=0 bytes=6 accepted=6 free_before=4166
3260441,tx_frame,handle=1 slot=0 bytes=53 slices=1 mtu=255 kind=reply
3260498,rx_write,handle=1 slot=0 bytes=6 accepted=6 free_before=4166
3260503,tx_frame,handle=1 slot=0 bytes=588 slices=3 mtu=255 kind=reply
3260589,rx_write,handle=1 slot=0 bytes=6 accepted=6 free_before=4166
3260589,rx_write,handle=1 slot=0 bytes=24 accepted=24 free_before=4160
3260592,tx_frame,handle=1 slot=0 bytes=345 slices=2 mtu=255 kind=reply
3260595,tx_frame,handle=1 slot=0 bytes=308 slices=2 mtu=255 kind=reply
3260678,rx_write,handle=1 slot=0 bytes=18 accepted=18 free_before=4166
3260679,rx_write,handle=1 slot=0 bytes=24 accepted=24 free_before=4148
3260706,tx_frame,handle=1 slot=0 bytes=2022 slices=9 mtu=255 kind=reply
3260711,tx_frame,handle=1 slot=0 bytes=308 slices=2 mtu=255 kind=reply
3260798,rx_write,handle=1 slot=0 bytes=29 accepted=29 free_before=4166
3260826,tx_frame,handle=1 slot=0 bytes=2022 slices=9 mtu=255 kind=reply
3261008,rx_write,handle=1 slot=0 bytes=29 accepted=29 free_before=4166
3261031,tx_frame,handle=1 slot=0 bytes=956 slices=4 mtu=255 kind=reply
3261759,tx_subscribed,handle=1 value=0
3261759,disconnect,handle=1 slot=0 peer=74:41:80:71:fc:64 reason=531 registered=1
3261761,advertise_restart,advertising=1
3262719,connect,handle=1 slot=0 peer=74:41:80:71:fc:64 interval_units=24 timeout_ms=720 mtu=23
3263048,mtu,handle=1 value=255
3263618,tx_subscribed,handle=1 value=1
3263738,rx_write,handle=1 slot=0 bytes=6 accepted=6 free_before=4166
3263741,tx_frame,handle=1 slot=0 bytes=36 slices=1 mtu=255 kind=reply
3263829,rx_write,handle=1 slot=0 bytes=79 accepted=79 free_before=4166
3263831,tx_frame,handle=1 slot=0 bytes=17 slices=1 mtu=255 kind=reply
3263888,rx_write,handle=1 slot=0 bytes=6 accepted=6 free_before=4166
3263898,tx_frame,handle=1 slot=0 bytes=1641 slices=7 mtu=255 kind=reply
3264038,rx_write,handle=1 slot=0 bytes=6 accepted=6 free_before=4166
3264041,tx_frame,handle=1 slot=0 bytes=53 slices=1 mtu=255 kind=reply
3264128,rx_write,handle=1 slot=0 bytes=6 accepted=6 free_before=4166
3264133,tx_frame,handle=1 slot=0 bytes=588 slices=3 mtu=255 kind=reply
3264218,rx_write,handle=1 slot=0 bytes=6 accepted=6 free_before=4166
3264219,rx_write,handle=1 slot=0 bytes=24 accepted=24 free_before=4160
3264222,tx_frame,handle=1 slot=0 bytes=345 slices=2 mtu=255 kind=reply
3264225,tx_frame,handle=1 slot=0 bytes=308 slices=2 mtu=255 kind=reply
3264278,rx_write,handle=1 slot=0 bytes=18 accepted=18 free_before=4166
3264305,tx_frame,handle=1 slot=0 bytes=2022 slices=9 mtu=255 kind=reply
3264338,rx_write,handle=1 slot=0 bytes=24 accepted=24 free_before=4166
3264342,tx_frame,handle=1 slot=0 bytes=308 slices=2 mtu=255 kind=reply
3264429,rx_write,handle=1 slot=0 bytes=29 accepted=29 free_before=4166
3264456,tx_frame,handle=1 slot=0 bytes=2022 slices=9 mtu=255 kind=reply
3264578,rx_write,handle=1 slot=0 bytes=29 accepted=29 free_before=4166
3264601,tx_frame,handle=1 slot=0 bytes=956 slices=4 mtu=255 kind=reply
3265449,tx_subscribed,handle=1 value=0
3265449,disconnect,handle=1 slot=0 peer=74:41:80:71:fc:64 reason=531 registered=1
3265451,advertise_restart,advertising=1
3266529,connect,handle=1 slot=0 peer=74:41:80:71:fc:64 interval_units=24 timeout_ms=720 mtu=23
3266889,mtu,handle=1 value=255
3267458,tx_subscribed,handle=1 value=1
3267578,rx_write,handle=1 slot=0 bytes=6 accepted=6 free_before=4166
3267580,tx_frame,handle=1 slot=0 bytes=36 slices=1 mtu=255 kind=reply
3267639,rx_write,handle=1 slot=0 bytes=79 accepted=79 free_before=4166
3267641,tx_frame,handle=1 slot=0 bytes=17 slices=1 mtu=255 kind=reply
3267698,rx_write,handle=1 slot=0 bytes=6 accepted=6 free_before=4166
3267708,tx_frame,handle=1 slot=0 bytes=1641 slices=7 mtu=255 kind=reply
3267848,rx_write,handle=1 slot=0 bytes=6 accepted=6 free_before=4166
3267850,tx_frame,handle=1 slot=0 bytes=53 slices=1 mtu=255 kind=reply
3267908,rx_write,handle=1 slot=0 bytes=6 accepted=6 free_before=4166
3267914,tx_frame,handle=1 slot=0 bytes=588 slices=3 mtu=255 kind=reply
3267998,rx_write,handle=1 slot=0 bytes=6 accepted=6 free_before=4166
3267999,rx_write,handle=1 slot=0 bytes=24 accepted=24 free_before=4160
3268003,tx_frame,handle=1 slot=0 bytes=345 slices=2 mtu=255 kind=reply
3268006,tx_frame,handle=1 slot=0 bytes=308 slices=2 mtu=255 kind=reply
3268059,rx_write,handle=1 slot=0 bytes=18 accepted=18 free_before=4166
3268086,tx_frame,handle=1 slot=0 bytes=2022 slices=9 mtu=255 kind=reply
3268088,rx_write,handle=1 slot=0 bytes=24 accepted=24 free_before=4166
3268094,tx_frame,handle=1 slot=0 bytes=308 slices=2 mtu=255 kind=reply
3268179,rx_write,handle=1 slot=0 bytes=29 accepted=29 free_before=4166
3268206,tx_frame,handle=1 slot=0 bytes=2022 slices=9 mtu=255 kind=reply
3268299,rx_write,handle=1 slot=0 bytes=29 accepted=29 free_before=4166
3268322,tx_frame,handle=1 slot=0 bytes=956 slices=4 mtu=255 kind=reply
3269289,tx_subscribed,handle=1 value=0
3269289,disconnect,handle=1 slot=0 peer=74:41:80:71:fc:64 reason=531 registered=1
3269290,advertise_restart,advertising=1
3272229,connect,handle=1 slot=0 peer=74:41:80:71:fc:64 interval_units=24 timeout_ms=720 mtu=23
3272559,mtu,handle=1 value=255
3273098,tx_subscribed,handle=1 value=1
3273248,rx_write,handle=1 slot=0 bytes=6 accepted=6 free_before=4166
3273250,tx_frame,handle=1 slot=0 bytes=36 slices=1 mtu=255 kind=reply
3273279,rx_write,handle=1 slot=0 bytes=79 accepted=79 free_before=4166
3273281,tx_frame,handle=1 slot=0 bytes=17 slices=1 mtu=255 kind=reply
3273339,rx_write,handle=1 slot=0 bytes=6 accepted=6 free_before=4166
3273348,tx_frame,handle=1 slot=0 bytes=1641 slices=7 mtu=255 kind=reply
3273489,rx_write,handle=1 slot=0 bytes=6 accepted=6 free_before=4166
3273491,tx_frame,handle=1 slot=0 bytes=53 slices=1 mtu=255 kind=reply
3273549,rx_write,handle=1 slot=0 bytes=6 accepted=6 free_before=4166
3273553,tx_frame,handle=1 slot=0 bytes=588 slices=3 mtu=255 kind=reply
3273638,rx_write,handle=1 slot=0 bytes=6 accepted=6 free_before=4166
3273639,rx_write,handle=1 slot=0 bytes=24 accepted=24 free_before=4160
3273642,tx_frame,handle=1 slot=0 bytes=345 slices=2 mtu=255 kind=reply
3273645,tx_frame,handle=1 slot=0 bytes=308 slices=2 mtu=255 kind=reply
3273699,rx_write,handle=1 slot=0 bytes=18 accepted=18 free_before=4166
3273726,tx_frame,handle=1 slot=0 bytes=2022 slices=9 mtu=255 kind=reply
3273729,rx_write,handle=1 slot=0 bytes=24 accepted=24 free_before=4166
3273761,tx_frame,handle=1 slot=0 bytes=308 slices=2 mtu=255 kind=reply
3273849,rx_write,handle=1 slot=0 bytes=29 accepted=29 free_before=4166
3273877,tx_frame,handle=1 slot=0 bytes=2022 slices=9 mtu=255 kind=reply
3273969,rx_write,handle=1 slot=0 bytes=29 accepted=29 free_before=4166
3273991,tx_frame,handle=1 slot=0 bytes=956 slices=4 mtu=255 kind=reply
3274989,tx_subscribed,handle=1 value=0
3274989,disconnect,handle=1 slot=0 peer=74:41:80:71:fc:64 reason=531 registered=1
3274991,advertise_restart,advertising=1
3278979,connect,handle=1 slot=0 peer=74:41:80:71:fc:64 interval_units=24 timeout_ms=720 mtu=23
3279309,mtu,handle=1 value=255
3279879,tx_subscribed,handle=1 value=1
3279999,rx_write,handle=1 slot=0 bytes=6 accepted=6 free_before=4166
3280001,tx_frame,handle=1 slot=0 bytes=36 slices=1 mtu=255 kind=reply
3280059,rx_write,handle=1 slot=0 bytes=79 accepted=79 free_before=4166
3280061,tx_frame,handle=1 slot=0 bytes=17 slices=1 mtu=255 kind=reply
3280119,rx_write,handle=1 slot=0 bytes=6 accepted=6 free_before=4166
3280128,tx_frame,handle=1 slot=0 bytes=1641 slices=7 mtu=255 kind=reply
3280329,rx_write,handle=1 slot=0 bytes=6 accepted=6 free_before=4166
3280331,tx_frame,handle=1 slot=0 bytes=53 slices=1 mtu=255 kind=reply
3280389,rx_write,handle=1 slot=0 bytes=6 accepted=6 free_before=4166
3280393,tx_frame,handle=1 slot=0 bytes=588 slices=3 mtu=255 kind=reply
3280479,rx_write,handle=1 slot=0 bytes=6 accepted=6 free_before=4166
3280479,rx_write,handle=1 slot=0 bytes=24 accepted=24 free_before=4160
3280482,tx_frame,handle=1 slot=0 bytes=345 slices=2 mtu=255 kind=reply
3280485,tx_frame,handle=1 slot=0 bytes=308 slices=2 mtu=255 kind=reply
3280539,rx_write,handle=1 slot=0 bytes=18 accepted=18 free_before=4166
3280566,tx_frame,handle=1 slot=0 bytes=2022 slices=9 mtu=255 kind=reply
3280569,rx_write,handle=1 slot=0 bytes=24 accepted=24 free_before=4166
3280574,tx_frame,handle=1 slot=0 bytes=308 slices=2 mtu=255 kind=reply
3280659,rx_write,handle=1 slot=0 bytes=29 accepted=29 free_before=4166
3280686,tx_frame,handle=1 slot=0 bytes=2022 slices=9 mtu=255 kind=reply
3280809,rx_write,handle=1 slot=0 bytes=29 accepted=29 free_before=4166
3280831,tx_frame,handle=1 slot=0 bytes=956 slices=4 mtu=255 kind=reply
3281889,tx_subscribed,handle=1 value=0
3281890,disconnect,handle=1 slot=0 peer=74:41:80:71:fc:64 reason=531 registered=1
3281890,advertise_restart,advertising=1
3284769,connect,handle=1 slot=0 peer=74:41:80:71:fc:64 interval_units=24 timeout_ms=720 mtu=23
3285129,mtu,handle=1 value=255
3285699,tx_subscribed,handle=1 value=1
3285849,rx_write,handle=1 slot=0 bytes=6 accepted=6 free_before=4166
3285851,tx_frame,handle=1 slot=0 bytes=36 slices=1 mtu=255 kind=reply
3285909,rx_write,handle=1 slot=0 bytes=79 accepted=79 free_before=4166
3285911,tx_frame,handle=1 slot=0 bytes=17 slices=1 mtu=255 kind=reply
3285969,rx_write,handle=1 slot=0 bytes=6 accepted=6 free_before=4166
3285979,tx_frame,handle=1 slot=0 bytes=1641 slices=7 mtu=255 kind=reply
3286119,rx_write,handle=1 slot=0 bytes=6 accepted=6 free_before=4166
3286121,tx_frame,handle=1 slot=0 bytes=53 slices=1 mtu=255 kind=reply
3286179,rx_write,handle=1 slot=0 bytes=6 accepted=6 free_before=4166
3286183,tx_frame,handle=1 slot=0 bytes=588 slices=3 mtu=255 kind=reply
3286269,rx_write,handle=1 slot=0 bytes=6 accepted=6 free_before=4166
3286269,rx_write,handle=1 slot=0 bytes=24 accepted=24 free_before=4160
3286272,tx_frame,handle=1 slot=0 bytes=345 slices=2 mtu=255 kind=reply
3286275,tx_frame,handle=1 slot=0 bytes=308 slices=2 mtu=255 kind=reply
3286329,rx_write,handle=1 slot=0 bytes=18 accepted=18 free_before=4166
3286356,tx_frame,handle=1 slot=0 bytes=2022 slices=9 mtu=255 kind=reply
3286359,rx_write,handle=1 slot=0 bytes=24 accepted=24 free_before=4166
3286364,tx_frame,handle=1 slot=0 bytes=308 slices=2 mtu=255 kind=reply
3286449,rx_write,handle=1 slot=0 bytes=29 accepted=29 free_before=4166
3286476,tx_frame,handle=1 slot=0 bytes=2022 slices=9 mtu=255 kind=reply
3286599,rx_write,handle=1 slot=0 bytes=29 accepted=29 free_before=4166
3286621,tx_frame,handle=1 slot=0 bytes=956 slices=4 mtu=255 kind=reply
3287589,tx_subscribed,handle=1 value=0
3287590,disconnect,handle=1 slot=0 peer=74:41:80:71:fc:64 reason=531 registered=1
3287591,advertise_restart,advertising=1
3291669,connect,handle=1 slot=0 peer=74:41:80:71:fc:64 interval_units=24 timeout_ms=720 mtu=23
3291999,mtu,handle=1 value=255
3292539,tx_subscribed,handle=1 value=1
3292659,rx_write,handle=1 slot=0 bytes=6 accepted=6 free_before=4166
3292661,tx_frame,handle=1 slot=0 bytes=36 slices=1 mtu=255 kind=reply
3292719,rx_write,handle=1 slot=0 bytes=79 accepted=79 free_before=4166
3292721,tx_frame,handle=1 slot=0 bytes=17 slices=1 mtu=255 kind=reply
3292779,rx_write,handle=1 slot=0 bytes=6 accepted=6 free_before=4166
3292789,tx_frame,handle=1 slot=0 bytes=1641 slices=7 mtu=255 kind=reply
3292989,rx_write,handle=1 slot=0 bytes=6 accepted=6 free_before=4166
3292991,tx_frame,handle=1 slot=0 bytes=53 slices=1 mtu=255 kind=reply
3293079,rx_write,handle=1 slot=0 bytes=6 accepted=6 free_before=4166
3293083,tx_frame,handle=1 slot=0 bytes=588 slices=3 mtu=255 kind=reply
3293169,rx_write,handle=1 slot=0 bytes=6 accepted=6 free_before=4166
3293169,rx_write,handle=1 slot=0 bytes=24 accepted=24 free_before=4160
3293172,tx_frame,handle=1 slot=0 bytes=345 slices=2 mtu=255 kind=reply
3293175,tx_frame,handle=1 slot=0 bytes=308 slices=2 mtu=255 kind=reply
3293229,rx_write,handle=1 slot=0 bytes=18 accepted=18 free_before=4166
3293256,tx_frame,handle=1 slot=0 bytes=2022 slices=9 mtu=255 kind=reply
3293259,rx_write,handle=1 slot=0 bytes=24 accepted=24 free_before=4166
3293263,tx_frame,handle=1 slot=0 bytes=308 slices=2 mtu=255 kind=reply
3293409,rx_write,handle=1 slot=0 bytes=29 accepted=29 free_before=4166
3293436,tx_frame,handle=1 slot=0 bytes=2022 slices=9 mtu=255 kind=reply
3293559,rx_write,handle=1 slot=0 bytes=29 accepted=29 free_before=4166
3293581,tx_frame,handle=1 slot=0 bytes=956 slices=4 mtu=255 kind=reply
3294369,tx_subscribed,handle=1 value=0
3294399,disconnect,handle=1 slot=0 peer=74:41:80:71:fc:64 reason=531 registered=1
3294401,advertise_restart,advertising=1
3297369,connect,handle=1 slot=0 peer=74:41:80:71:fc:64 interval_units=24 timeout_ms=720 mtu=23
3297699,mtu,handle=1 value=255
3298269,tx_subscribed,handle=1 value=1
3298389,rx_write,handle=1 slot=0 bytes=6 accepted=6 free_before=4166
3298391,tx_frame,handle=1 slot=0 bytes=36 slices=1 mtu=255 kind=reply
3298419,rx_write,handle=1 slot=0 bytes=79 accepted=79 free_before=4166
3298424,tx_frame,handle=1 slot=0 bytes=17 slices=1 mtu=255 kind=reply
3298509,rx_write,handle=1 slot=0 bytes=6 accepted=6 free_before=4166
3298519,tx_frame,handle=1 slot=0 bytes=1641 slices=7 mtu=255 kind=reply
3298689,rx_write,handle=1 slot=0 bytes=6 accepted=6 free_before=4166
3298691,tx_frame,handle=1 slot=0 bytes=53 slices=1 mtu=255 kind=reply
3298749,rx_write,handle=1 slot=0 bytes=6 accepted=6 free_before=4166
3298754,tx_frame,handle=1 slot=0 bytes=588 slices=3 mtu=255 kind=reply
3298839,rx_write,handle=1 slot=0 bytes=6 accepted=6 free_before=4166
3298839,rx_write,handle=1 slot=0 bytes=24 accepted=24 free_before=4160
3298844,tx_frame,handle=1 slot=0 bytes=345 slices=2 mtu=255 kind=reply
3298847,tx_frame,handle=1 slot=0 bytes=308 slices=2 mtu=255 kind=reply
3298899,rx_write,handle=1 slot=0 bytes=18 accepted=18 free_before=4166
3298926,tx_frame,handle=1 slot=0 bytes=2022 slices=9 mtu=255 kind=reply
3298929,rx_write,handle=1 slot=0 bytes=24 accepted=24 free_before=4166
3298933,tx_frame,handle=1 slot=0 bytes=308 slices=2 mtu=255 kind=reply
3299019,rx_write,handle=1 slot=0 bytes=29 accepted=29 free_before=4166
3299047,tx_frame,handle=1 slot=0 bytes=2022 slices=9 mtu=255 kind=reply
3299139,rx_write,handle=1 slot=0 bytes=29 accepted=29 free_before=4166
3299161,tx_frame,handle=1 slot=0 bytes=956 slices=4 mtu=255 kind=reply
3300099,tx_subscribed,handle=1 value=0
3300100,disconnect,handle=1 slot=0 peer=74:41:80:71:fc:64 reason=531 registered=1
3300101,advertise_restart,advertising=1
3302079,connect,handle=1 slot=0 peer=74:41:80:71:fc:64 interval_units=24 timeout_ms=720 mtu=23
3302409,mtu,handle=1 value=255
3302979,tx_subscribed,handle=1 value=1
3303099,rx_write,handle=1 slot=0 bytes=6 accepted=6 free_before=4166
3303101,tx_frame,handle=1 slot=0 bytes=36 slices=1 mtu=255 kind=reply
3303129,rx_write,handle=1 slot=0 bytes=79 accepted=79 free_before=4166
3303133,tx_frame,handle=1 slot=0 bytes=17 slices=1 mtu=255 kind=reply
3303189,rx_write,handle=1 slot=0 bytes=6 accepted=6 free_before=4166
3303199,tx_frame,handle=1 slot=0 bytes=1641 slices=7 mtu=255 kind=reply
3303369,rx_write,handle=1 slot=0 bytes=6 accepted=6 free_before=4166
3303371,tx_frame,handle=1 slot=0 bytes=53 slices=1 mtu=255 kind=reply
3303429,rx_write,handle=1 slot=0 bytes=6 accepted=6 free_before=4166
3303434,tx_frame,handle=1 slot=0 bytes=588 slices=3 mtu=255 kind=reply
3303519,rx_write,handle=1 slot=0 bytes=6 accepted=6 free_before=4166
3303523,tx_frame,handle=1 slot=0 bytes=345 slices=2 mtu=255 kind=reply
3303549,rx_write,handle=1 slot=0 bytes=24 accepted=24 free_before=4166
3303553,tx_frame,handle=1 slot=0 bytes=308 slices=2 mtu=255 kind=reply
3303579,rx_write,handle=1 slot=0 bytes=18 accepted=18 free_before=4166
3303606,tx_frame,handle=1 slot=0 bytes=2022 slices=9 mtu=255 kind=reply
3303609,rx_write,handle=1 slot=0 bytes=24 accepted=24 free_before=4166
3303613,tx_frame,handle=1 slot=0 bytes=308 slices=2 mtu=255 kind=reply
3303699,rx_write,handle=1 slot=0 bytes=29 accepted=29 free_before=4166
3303726,tx_frame,handle=1 slot=0 bytes=2022 slices=9 mtu=255 kind=reply
3303849,rx_write,handle=1 slot=0 bytes=29 accepted=29 free_before=4166
3303871,tx_frame,handle=1 slot=0 bytes=956 slices=4 mtu=255 kind=reply
3304779,tx_subscribed,handle=1 value=0
3304780,disconnect,handle=1 slot=0 peer=74:41:80:71:fc:64 reason=531 registered=1
3304781,advertise_restart,advertising=1
3305739,connect,handle=1 slot=0 peer=74:41:80:71:fc:64 interval_units=24 timeout_ms=720 mtu=23
3306100,mtu,handle=1 value=255
3306669,tx_subscribed,handle=1 value=1
3306789,rx_write,handle=1 slot=0 bytes=6 accepted=6 free_before=4166
3306791,tx_frame,handle=1 slot=0 bytes=36 slices=1 mtu=255 kind=reply
3306849,rx_write,handle=1 slot=0 bytes=79 accepted=79 free_before=4166
3306854,tx_frame,handle=1 slot=0 bytes=17 slices=1 mtu=255 kind=reply
3306909,rx_write,handle=1 slot=0 bytes=6 accepted=6 free_before=4166
3306919,tx_frame,handle=1 slot=0 bytes=1640 slices=7 mtu=255 kind=reply
3307089,rx_write,handle=1 slot=0 bytes=6 accepted=6 free_before=4166
3307092,tx_frame,handle=1 slot=0 bytes=53 slices=1 mtu=255 kind=reply
3307149,rx_write,handle=1 slot=0 bytes=6 accepted=6 free_before=4166
3307154,tx_frame,handle=1 slot=0 bytes=588 slices=3 mtu=255 kind=reply
3307239,rx_write,handle=1 slot=0 bytes=6 accepted=6 free_before=4166
3307239,rx_write,handle=1 slot=0 bytes=24 accepted=24 free_before=4160
3307244,tx_frame,handle=1 slot=0 bytes=345 slices=2 mtu=255 kind=reply
3307247,tx_frame,handle=1 slot=0 bytes=308 slices=2 mtu=255 kind=reply
3307299,rx_write,handle=1 slot=0 bytes=18 accepted=18 free_before=4166
3307326,tx_frame,handle=1 slot=0 bytes=2022 slices=9 mtu=255 kind=reply
3307329,rx_write,handle=1 slot=0 bytes=24 accepted=24 free_before=4166
3307333,tx_frame,handle=1 slot=0 bytes=308 slices=2 mtu=255 kind=reply
3307449,rx_write,handle=1 slot=0 bytes=29 accepted=29 free_before=4166
3307476,tx_frame,handle=1 slot=0 bytes=2022 slices=9 mtu=255 kind=reply
3307629,rx_write,handle=1 slot=0 bytes=29 accepted=29 free_before=4166
3307651,tx_frame,handle=1 slot=0 bytes=956 slices=4 mtu=255 kind=reply
3308470,tx_subscribed,handle=1 value=0
3308470,disconnect,handle=1 slot=0 peer=74:41:80:71:fc:64 reason=531 registered=1
3308471,advertise_restart,advertising=1
3309759,connect,handle=1 slot=0 peer=74:41:80:71:fc:64 interval_units=24 timeout_ms=720 mtu=23
3310090,mtu,handle=1 value=255
3310719,tx_subscribed,handle=1 value=1
3310869,rx_write,handle=1 slot=0 bytes=6 accepted=6 free_before=4166
3310871,tx_frame,handle=1 slot=0 bytes=36 slices=1 mtu=255 kind=reply
3310929,rx_write,handle=1 slot=0 bytes=79 accepted=79 free_before=4166
3310933,tx_frame,handle=1 slot=0 bytes=17 slices=1 mtu=255 kind=reply
3310989,rx_write,handle=1 slot=0 bytes=6 accepted=6 free_before=4166
3310999,tx_frame,handle=1 slot=0 bytes=1641 slices=7 mtu=255 kind=reply
3311199,rx_write,handle=1 slot=0 bytes=6 accepted=6 free_before=4166
3311201,tx_frame,handle=1 slot=0 bytes=53 slices=1 mtu=255 kind=reply
3311259,rx_write,handle=1 slot=0 bytes=6 accepted=6 free_before=4166
3311264,tx_frame,handle=1 slot=0 bytes=588 slices=3 mtu=255 kind=reply
3311379,rx_write,handle=1 slot=0 bytes=6 accepted=6 free_before=4166
3311379,rx_write,handle=1 slot=0 bytes=24 accepted=24 free_before=4160
3311384,tx_frame,handle=1 slot=0 bytes=345 slices=2 mtu=255 kind=reply
3311387,tx_frame,handle=1 slot=0 bytes=308 slices=2 mtu=255 kind=reply
3311469,rx_write,handle=1 slot=0 bytes=18 accepted=18 free_before=4166
3311470,rx_write,handle=1 slot=0 bytes=24 accepted=24 free_before=4148
3311496,tx_frame,handle=1 slot=0 bytes=2022 slices=9 mtu=255 kind=reply
3311503,tx_frame,handle=1 slot=0 bytes=308 slices=2 mtu=255 kind=reply
3311589,rx_write,handle=1 slot=0 bytes=29 accepted=29 free_before=4166
3311616,tx_frame,handle=1 slot=0 bytes=2022 slices=9 mtu=255 kind=reply
3311739,rx_write,handle=1 slot=0 bytes=29 accepted=29 free_before=4166
3311761,tx_frame,handle=1 slot=0 bytes=956 slices=4 mtu=255 kind=reply
3312580,tx_subscribed,handle=1 value=0
3312580,disconnect,handle=1 slot=0 peer=74:41:80:71:fc:64 reason=531 registered=1
3312581,advertise_restart,advertising=1
3316449,connect,handle=1 slot=0 peer=74:41:80:71:fc:64 interval_units=24 timeout_ms=720 mtu=23
3316779,mtu,handle=1 value=255
3317409,tx_subscribed,handle=1 value=1
3317559,rx_write,handle=1 slot=0 bytes=6 accepted=6 free_before=4166
3317561,tx_frame,handle=1 slot=0 bytes=36 slices=1 mtu=255 kind=reply
3317619,rx_write,handle=1 slot=0 bytes=79 accepted=79 free_before=4166
3317622,tx_frame,handle=1 slot=0 bytes=17 slices=1 mtu=255 kind=reply
3317679,rx_write,handle=1 slot=0 bytes=6 accepted=6 free_before=4166
3317689,tx_frame,handle=1 slot=0 bytes=1640 slices=7 mtu=255 kind=reply
3317829,rx_write,handle=1 slot=0 bytes=6 accepted=6 free_before=4166
3317831,tx_frame,handle=1 slot=0 bytes=53 slices=1 mtu=255 kind=reply
3317889,rx_write,handle=1 slot=0 bytes=6 accepted=6 free_before=4166
3317894,tx_frame,handle=1 slot=0 bytes=588 slices=3 mtu=255 kind=reply
3317979,rx_write,handle=1 slot=0 bytes=6 accepted=6 free_before=4166
3317979,rx_write,handle=1 slot=0 bytes=24 accepted=24 free_before=4160
3317984,tx_frame,handle=1 slot=0 bytes=345 slices=2 mtu=255 kind=reply
3317987,tx_frame,handle=1 slot=0 bytes=308 slices=2 mtu=255 kind=reply
3318039,rx_write,handle=1 slot=0 bytes=18 accepted=18 free_before=4166
3318066,tx_frame,handle=1 slot=0 bytes=2022 slices=9 mtu=255 kind=reply
3318099,rx_write,handle=1 slot=0 bytes=24 accepted=24 free_before=4166
3318103,tx_frame,handle=1 slot=0 bytes=308 slices=2 mtu=255 kind=reply
3318189,rx_write,handle=1 slot=0 bytes=29 accepted=29 free_before=4166
3318216,tx_frame,handle=1 slot=0 bytes=2022 slices=9 mtu=255 kind=reply
3318309,rx_write,handle=1 slot=0 bytes=29 accepted=29 free_before=4166
3318331,tx_frame,handle=1 slot=0 bytes=956 slices=4 mtu=255 kind=reply
3319240,tx_subscribed,handle=1 value=0
3319240,disconnect,handle=1 slot=0 peer=74:41:80:71:fc:64 reason=531 registered=1
3319241,advertise_restart,advertising=1
3320199,connect,handle=1 slot=0 peer=74:41:80:71:fc:64 interval_units=24 timeout_ms=720 mtu=23
3320529,mtu,handle=1 value=255
3321129,tx_subscribed,handle=1 value=1
3321249,rx_write,handle=1 slot=0 bytes=6 accepted=6 free_before=4166
3321251,tx_frame,handle=1 slot=0 bytes=36 slices=1 mtu=255 kind=reply
3321309,rx_write,handle=1 slot=0 bytes=79 accepted=79 free_before=4166
3321312,tx_frame,handle=1 slot=0 bytes=17 slices=1 mtu=255 kind=reply
3321369,rx_write,handle=1 slot=0 bytes=6 accepted=6 free_before=4166
3321379,tx_frame,handle=1 slot=0 bytes=1641 slices=7 mtu=255 kind=reply
3321549,rx_write,handle=1 slot=0 bytes=6 accepted=6 free_before=4166
3321551,tx_frame,handle=1 slot=0 bytes=53 slices=1 mtu=255 kind=reply
3321609,rx_write,handle=1 slot=0 bytes=6 accepted=6 free_before=4166
3321614,tx_frame,handle=1 slot=0 bytes=588 slices=3 mtu=255 kind=reply
3321699,rx_write,handle=1 slot=0 bytes=6 accepted=6 free_before=4166
3321699,rx_write,handle=1 slot=0 bytes=24 accepted=24 free_before=4160
3321704,tx_frame,handle=1 slot=0 bytes=345 slices=2 mtu=255 kind=reply
3321707,tx_frame,handle=1 slot=0 bytes=308 slices=2 mtu=255 kind=reply
3321759,rx_write,handle=1 slot=0 bytes=18 accepted=18 free_before=4166
3321786,tx_frame,handle=1 slot=0 bytes=2022 slices=9 mtu=255 kind=reply
3321789,rx_write,handle=1 slot=0 bytes=24 accepted=24 free_before=4166
3321793,tx_frame,handle=1 slot=0 bytes=308 slices=2 mtu=255 kind=reply
3321879,rx_write,handle=1 slot=0 bytes=29 accepted=29 free_before=4166
3321906,tx_frame,handle=1 slot=0 bytes=2022 slices=9 mtu=255 kind=reply
3321999,rx_write,handle=1 slot=0 bytes=29 accepted=29 free_before=4166
3322021,tx_frame,handle=1 slot=0 bytes=956 slices=4 mtu=255 kind=reply
3322900,tx_subscribed,handle=1 value=0
3322900,disconnect,handle=1 slot=0 peer=74:41:80:71:fc:64 reason=531 registered=1
3322901,advertise_restart,advertising=1
3324849,connect,handle=1 slot=0 peer=74:41:80:71:fc:64 interval_units=24 timeout_ms=720 mtu=23
3325179,mtu,handle=1 value=255
3325719,tx_subscribed,handle=1 value=1
3325869,rx_write,handle=1 slot=0 bytes=6 accepted=6 free_before=4166
3325872,tx_frame,handle=1 slot=0 bytes=36 slices=1 mtu=255 kind=reply
3325929,rx_write,handle=1 slot=0 bytes=79 accepted=79 free_before=4166
3325931,tx_frame,handle=1 slot=0 bytes=17 slices=1 mtu=255 kind=reply
3325989,rx_write,handle=1 slot=0 bytes=6 accepted=6 free_before=4166
3325999,tx_frame,handle=1 slot=0 bytes=1641 slices=7 mtu=255 kind=reply
3326169,rx_write,handle=1 slot=0 bytes=6 accepted=6 free_before=4166
3326171,tx_frame,handle=1 slot=0 bytes=53 slices=1 mtu=255 kind=reply
3326229,rx_write,handle=1 slot=0 bytes=6 accepted=6 free_before=4166
3326234,tx_frame,handle=1 slot=0 bytes=588 slices=3 mtu=255 kind=reply
3326349,rx_write,handle=1 slot=0 bytes=6 accepted=6 free_before=4166
3326350,rx_write,handle=1 slot=0 bytes=24 accepted=24 free_before=4160
3326354,tx_frame,handle=1 slot=0 bytes=345 slices=2 mtu=255 kind=reply
3326357,tx_frame,handle=1 slot=0 bytes=308 slices=2 mtu=255 kind=reply
3326409,rx_write,handle=1 slot=0 bytes=18 accepted=18 free_before=4166
3326436,tx_frame,handle=1 slot=0 bytes=2022 slices=9 mtu=255 kind=reply
3326439,rx_write,handle=1 slot=0 bytes=24 accepted=24 free_before=4166
3326473,tx_frame,handle=1 slot=0 bytes=308 slices=2 mtu=255 kind=reply
3326559,rx_write,handle=1 slot=0 bytes=29 accepted=29 free_before=4166
3326589,tx_frame,handle=1 slot=0 bytes=2022 slices=9 mtu=255 kind=reply
3326679,rx_write,handle=1 slot=0 bytes=29 accepted=29 free_before=4166
3326703,tx_frame,handle=1 slot=0 bytes=956 slices=4 mtu=255 kind=reply
3327610,tx_subscribed,handle=1 value=0
3327610,disconnect,handle=1 slot=0 peer=74:41:80:71:fc:64 reason=531 registered=1
3327611,advertise_restart,advertising=1
3329650,connect,handle=1 slot=0 peer=74:41:80:71:fc:64 interval_units=24 timeout_ms=720 mtu=23
3329979,mtu,handle=1 value=255
3330549,tx_subscribed,handle=1 value=1
3330669,rx_write,handle=1 slot=0 bytes=6 accepted=6 free_before=4166
3330671,tx_frame,handle=1 slot=0 bytes=36 slices=1 mtu=255 kind=reply
3330699,rx_write,handle=1 slot=0 bytes=79 accepted=79 free_before=4166
3330702,tx_frame,handle=1 slot=0 bytes=17 slices=1 mtu=255 kind=reply
3330759,rx_write,handle=1 slot=0 bytes=6 accepted=6 free_before=4166
3330769,tx_frame,handle=1 slot=0 bytes=1641 slices=7 mtu=255 kind=reply
3330910,rx_write,handle=1 slot=0 bytes=6 accepted=6 free_before=4166
3330912,tx_frame,handle=1 slot=0 bytes=53 slices=1 mtu=255 kind=reply
3330969,rx_write,handle=1 slot=0 bytes=6 accepted=6 free_before=4166
3330974,tx_frame,handle=1 slot=0 bytes=588 slices=3 mtu=255 kind=reply
3331059,rx_write,handle=1 slot=0 bytes=6 accepted=6 free_before=4166
3331060,rx_write,handle=1 slot=0 bytes=24 accepted=24 free_before=4160
3331063,tx_frame,handle=1 slot=0 bytes=345 slices=2 mtu=255 kind=reply
3331066,tx_frame,handle=1 slot=0 bytes=308 slices=2 mtu=255 kind=reply
3331149,rx_write,handle=1 slot=0 bytes=18 accepted=18 free_before=4166
3331176,tx_frame,handle=1 slot=0 bytes=2022 slices=9 mtu=255 kind=reply
3331179,rx_write,handle=1 slot=0 bytes=24 accepted=24 free_before=4166
3331183,tx_frame,handle=1 slot=0 bytes=308 slices=2 mtu=255 kind=reply
3331269,rx_write,handle=1 slot=0 bytes=29 accepted=29 free_before=4166
3331298,tx_frame,handle=1 slot=0 bytes=2022 slices=9 mtu=255 kind=reply
3331449,rx_write,handle=1 slot=0 bytes=29 accepted=29 free_before=4166
3331471,tx_frame,handle=1 slot=0 bytes=956 slices=4 mtu=255 kind=reply
3332350,tx_subscribed,handle=1 value=0
3332350,disconnect,handle=1 slot=0 peer=74:41:80:71:fc:64 reason=531 registered=1
3332351,advertise_restart,advertising=1
3335350,connect,handle=1 slot=0 peer=74:41:80:71:fc:64 interval_units=24 timeout_ms=720 mtu=23
3335679,mtu,handle=1 value=255
3336249,tx_subscribed,handle=1 value=1
3336369,rx_write,handle=1 slot=0 bytes=6 accepted=6 free_before=4166
3336373,tx_frame,handle=1 slot=0 bytes=36 slices=1 mtu=255 kind=reply
3336460,rx_write,handle=1 slot=0 bytes=79 accepted=79 free_before=4166
3336462,tx_frame,handle=1 slot=0 bytes=17 slices=1 mtu=255 kind=reply
3336519,rx_write,handle=1 slot=0 bytes=6 accepted=6 free_before=4166
3336529,tx_frame,handle=1 slot=0 bytes=1641 slices=7 mtu=255 kind=reply
3336699,rx_write,handle=1 slot=0 bytes=6 accepted=6 free_before=4166
3336702,tx_frame,handle=1 slot=0 bytes=53 slices=1 mtu=255 kind=reply
3336759,rx_write,handle=1 slot=0 bytes=6 accepted=6 free_before=4166
3336764,tx_frame,handle=1 slot=0 bytes=588 slices=3 mtu=255 kind=reply
3336849,rx_write,handle=1 slot=0 bytes=6 accepted=6 free_before=4166
3336850,rx_write,handle=1 slot=0 bytes=24 accepted=24 free_before=4160
3336853,tx_frame,handle=1 slot=0 bytes=345 slices=2 mtu=255 kind=reply
3336856,tx_frame,handle=1 slot=0 bytes=308 slices=2 mtu=255 kind=reply
3336909,rx_write,handle=1 slot=0 bytes=18 accepted=18 free_before=4166
3336938,tx_frame,handle=1 slot=0 bytes=2022 slices=9 mtu=255 kind=reply
3336940,rx_write,handle=1 slot=0 bytes=24 accepted=24 free_before=4166
3336944,tx_frame,handle=1 slot=0 bytes=308 slices=2 mtu=255 kind=reply
3337029,rx_write,handle=1 slot=0 bytes=29 accepted=29 free_before=4166
3337056,tx_frame,handle=1 slot=0 bytes=2022 slices=9 mtu=255 kind=reply
3337209,rx_write,handle=1 slot=0 bytes=29 accepted=29 free_before=4166
3337232,tx_frame,handle=1 slot=0 bytes=956 slices=4 mtu=255 kind=reply
3338860,tx_subscribed,handle=1 value=0
3338860,disconnect,handle=1 slot=0 peer=74:41:80:71:fc:64 reason=531 registered=1
3338861,advertise_restart,advertising=1
3342940,connect,handle=1 slot=0 peer=74:41:80:71:fc:64 interval_units=24 timeout_ms=720 mtu=23
3343269,mtu,handle=1 value=255
3343870,tx_subscribed,handle=1 value=1
3344019,rx_write,handle=1 slot=0 bytes=6 accepted=6 free_before=4166
3344023,tx_frame,handle=1 slot=0 bytes=36 slices=1 mtu=255 kind=reply
3344110,rx_write,handle=1 slot=0 bytes=79 accepted=79 free_before=4166
3344112,tx_frame,handle=1 slot=0 bytes=17 slices=1 mtu=255 kind=reply
3344169,rx_write,handle=1 slot=0 bytes=6 accepted=6 free_before=4166
3344179,tx_frame,handle=1 slot=0 bytes=1641 slices=7 mtu=255 kind=reply
3344349,rx_write,handle=1 slot=0 bytes=6 accepted=6 free_before=4166
3344352,tx_frame,handle=1 slot=0 bytes=53 slices=1 mtu=255 kind=reply
3344409,rx_write,handle=1 slot=0 bytes=6 accepted=6 free_before=4166
3344414,tx_frame,handle=1 slot=0 bytes=588 slices=3 mtu=255 kind=reply
3344499,rx_write,handle=1 slot=0 bytes=6 accepted=6 free_before=4166
3344500,rx_write,handle=1 slot=0 bytes=24 accepted=24 free_before=4160
3344503,tx_frame,handle=1 slot=0 bytes=345 slices=2 mtu=255 kind=reply
3344506,tx_frame,handle=1 slot=0 bytes=308 slices=2 mtu=255 kind=reply
3344590,rx_write,handle=1 slot=0 bytes=18 accepted=18 free_before=4166
3344617,tx_frame,handle=1 slot=0 bytes=2022 slices=9 mtu=255 kind=reply
3344620,rx_write,handle=1 slot=0 bytes=24 accepted=24 free_before=4166
3344624,tx_frame,handle=1 slot=0 bytes=308 slices=2 mtu=255 kind=reply
3344739,rx_write,handle=1 slot=0 bytes=29 accepted=29 free_before=4166
3344766,tx_frame,handle=1 slot=0 bytes=2022 slices=9 mtu=255 kind=reply
3344889,rx_write,handle=1 slot=0 bytes=29 accepted=29 free_before=4166
3344913,tx_frame,handle=1 slot=0 bytes=956 slices=4 mtu=255 kind=reply
3345850,tx_subscribed,handle=1 value=0
3345851,disconnect,handle=1 slot=0 peer=74:41:80:71:fc:64 reason=531 registered=1
3345853,advertise_restart,advertising=1
3348910,connect,handle=1 slot=0 peer=74:41:80:71:fc:64 interval_units=24 timeout_ms=720 mtu=23
3349239,mtu,handle=1 value=255
3349779,tx_subscribed,handle=1 value=1
3349899,rx_write,handle=1 slot=0 bytes=6 accepted=6 free_before=4166
3349901,tx_frame,handle=1 slot=0 bytes=36 slices=1 mtu=255 kind=reply
3349960,rx_write,handle=1 slot=0 bytes=79 accepted=79 free_before=4166
3349962,tx_frame,handle=1 slot=0 bytes=17 slices=1 mtu=255 kind=reply
3350049,rx_write,handle=1 slot=0 bytes=6 accepted=6 free_before=4166
3350059,tx_frame,handle=1 slot=0 bytes=1641 slices=7 mtu=255 kind=reply
3350229,rx_write,handle=1 slot=0 bytes=6 accepted=6 free_before=4166
3350233,tx_frame,handle=1 slot=0 bytes=53 slices=1 mtu=255 kind=reply
3350289,rx_write,handle=1 slot=0 bytes=6 accepted=6 free_before=4166
3350295,tx_frame,handle=1 slot=0 bytes=588 slices=3 mtu=255 kind=reply
3350379,rx_write,handle=1 slot=0 bytes=6 accepted=6 free_before=4166
3350380,rx_write,handle=1 slot=0 bytes=24 accepted=24 free_before=4160
3350384,tx_frame,handle=1 slot=0 bytes=345 slices=2 mtu=255 kind=reply
3350387,tx_frame,handle=1 slot=0 bytes=308 slices=2 mtu=255 kind=reply
3350439,rx_write,handle=1 slot=0 bytes=18 accepted=18 free_before=4166
3350467,tx_frame,handle=1 slot=0 bytes=2022 slices=9 mtu=255 kind=reply
3350469,rx_write,handle=1 slot=0 bytes=24 accepted=24 free_before=4166
3350474,tx_frame,handle=1 slot=0 bytes=308 slices=2 mtu=255 kind=reply
3350619,rx_write,handle=1 slot=0 bytes=29 accepted=29 free_before=4166
3350648,tx_frame,handle=1 slot=0 bytes=2022 slices=9 mtu=255 kind=reply
3350769,rx_write,handle=1 slot=0 bytes=29 accepted=29 free_before=4166
3350791,tx_frame,handle=1 slot=0 bytes=956 slices=4 mtu=255 kind=reply
3351730,tx_subscribed,handle=1 value=0
3351731,disconnect,handle=1 slot=0 peer=74:41:80:71:fc:64 reason=531 registered=1
3351733,advertise_restart,advertising=1
3352960,connect,handle=1 slot=0 peer=74:41:80:71:fc:64 interval_units=24 timeout_ms=720 mtu=23
3353289,mtu,handle=1 value=255
3353859,tx_subscribed,handle=1 value=1
3354009,rx_write,handle=1 slot=0 bytes=6 accepted=6 free_before=4166
3354012,tx_frame,handle=1 slot=0 bytes=36 slices=1 mtu=255 kind=reply
3354070,rx_write,handle=1 slot=0 bytes=79 accepted=79 free_before=4166
3354072,tx_frame,handle=1 slot=0 bytes=17 slices=1 mtu=255 kind=reply
3354159,rx_write,handle=1 slot=0 bytes=6 accepted=6 free_before=4166
3354169,tx_frame,handle=1 slot=0 bytes=1641 slices=7 mtu=255 kind=reply
3354369,rx_write,handle=1 slot=0 bytes=6 accepted=6 free_before=4166
3354371,tx_frame,handle=1 slot=0 bytes=53 slices=1 mtu=255 kind=reply
3354429,rx_write,handle=1 slot=0 bytes=6 accepted=6 free_before=4166
3354435,tx_frame,handle=1 slot=0 bytes=588 slices=3 mtu=255 kind=reply
3354669,rx_write,handle=1 slot=0 bytes=6 accepted=6 free_before=4166
3354670,rx_write,handle=1 slot=0 bytes=24 accepted=24 free_before=4160
3354674,tx_frame,handle=1 slot=0 bytes=345 slices=2 mtu=255 kind=reply
3354677,tx_frame,handle=1 slot=0 bytes=308 slices=2 mtu=255 kind=reply
3354731,rx_write,handle=1 slot=0 bytes=18 accepted=18 free_before=4166
3354758,tx_frame,handle=1 slot=0 bytes=2022 slices=9 mtu=255 kind=reply
3354759,rx_write,handle=1 slot=0 bytes=24 accepted=24 free_before=4166
3354763,tx_frame,handle=1 slot=0 bytes=308 slices=2 mtu=255 kind=reply
3354849,rx_write,handle=1 slot=0 bytes=29 accepted=29 free_before=4166
3354877,tx_frame,handle=1 slot=0 bytes=2022 slices=9 mtu=255 kind=reply
3355059,rx_write,handle=1 slot=0 bytes=29 accepted=29 free_before=4166
3355082,tx_frame,handle=1 slot=0 bytes=956 slices=4 mtu=255 kind=reply
3355780,tx_subscribed,handle=1 value=0
3355780,disconnect,handle=1 slot=0 peer=74:41:80:71:fc:64 reason=531 registered=1
3355781,advertise_restart,advertising=1
3359770,connect,handle=1 slot=0 peer=74:41:80:71:fc:64 interval_units=24 timeout_ms=720 mtu=23
3360099,mtu,handle=1 value=255
3360669,tx_subscribed,handle=1 value=1
3360789,rx_write,handle=1 slot=0 bytes=6 accepted=6 free_before=4166
3360791,tx_frame,handle=1 slot=0 bytes=36 slices=1 mtu=255 kind=reply
3360820,rx_write,handle=1 slot=0 bytes=79 accepted=79 free_before=4166
3360822,tx_frame,handle=1 slot=0 bytes=17 slices=1 mtu=255 kind=reply
3360879,rx_write,handle=1 slot=0 bytes=6 accepted=6 free_before=4166
3360889,tx_frame,handle=1 slot=0 bytes=1641 slices=7 mtu=255 kind=reply
3361029,rx_write,handle=1 slot=0 bytes=6 accepted=6 free_before=4166
3361032,tx_frame,handle=1 slot=0 bytes=53 slices=1 mtu=255 kind=reply
3361089,rx_write,handle=1 slot=0 bytes=6 accepted=6 free_before=4166
3361094,tx_frame,handle=1 slot=0 bytes=588 slices=3 mtu=255 kind=reply
3361210,rx_write,handle=1 slot=0 bytes=6 accepted=6 free_before=4166
3361210,rx_write,handle=1 slot=0 bytes=24 accepted=24 free_before=4160
3361213,tx_frame,handle=1 slot=0 bytes=345 slices=2 mtu=255 kind=reply
3361216,tx_frame,handle=1 slot=0 bytes=308 slices=2 mtu=255 kind=reply
3361299,rx_write,handle=1 slot=0 bytes=18 accepted=18 free_before=4166
3361327,tx_frame,handle=1 slot=0 bytes=2022 slices=9 mtu=255 kind=reply
3361329,rx_write,handle=1 slot=0 bytes=24 accepted=24 free_before=4166
3361335,tx_frame,handle=1 slot=0 bytes=308 slices=2 mtu=255 kind=reply
3361420,rx_write,handle=1 slot=0 bytes=29 accepted=29 free_before=4166
3361447,tx_frame,handle=1 slot=0 bytes=2022 slices=9 mtu=255 kind=reply
3361540,rx_write,handle=1 slot=0 bytes=29 accepted=29 free_before=4166
3361562,tx_frame,handle=1 slot=0 bytes=956 slices=4 mtu=255 kind=reply
3362560,tx_subscribed,handle=1 value=0
3362560,disconnect,handle=1 slot=0 peer=74:41:80:71:fc:64 reason=531 registered=1
3362563,advertise_restart,advertising=1
3365590,connect,handle=1 slot=0 peer=74:41:80:71:fc:64 interval_units=24 timeout_ms=720 mtu=23
3365920,mtu,handle=1 value=255
3366459,tx_subscribed,handle=1 value=1
3366579,rx_write,handle=1 slot=0 bytes=6 accepted=6 free_before=4166
3366582,tx_frame,handle=1 slot=0 bytes=36 slices=1 mtu=255 kind=reply
3366640,rx_write,handle=1 slot=0 bytes=79 accepted=79 free_before=4166
3366642,tx_frame,handle=1 slot=0 bytes=17 slices=1 mtu=255 kind=reply
3366699,rx_write,handle=1 slot=0 bytes=6 accepted=6 free_before=4166
3366709,tx_frame,handle=1 slot=0 bytes=1641 slices=7 mtu=255 kind=reply
3366880,rx_write,handle=1 slot=0 bytes=6 accepted=6 free_before=4166
3366882,tx_frame,handle=1 slot=0 bytes=53 slices=1 mtu=255 kind=reply
3366939,rx_write,handle=1 slot=0 bytes=6 accepted=6 free_before=4166
3366944,tx_frame,handle=1 slot=0 bytes=588 slices=3 mtu=255 kind=reply
3367059,rx_write,handle=1 slot=0 bytes=6 accepted=6 free_before=4166
3367060,rx_write,handle=1 slot=0 bytes=24 accepted=24 free_before=4160
3367063,tx_frame,handle=1 slot=0 bytes=345 slices=2 mtu=255 kind=reply
3367066,tx_frame,handle=1 slot=0 bytes=308 slices=2 mtu=255 kind=reply
3367151,rx_write,handle=1 slot=0 bytes=18 accepted=18 free_before=4166
3367179,tx_frame,handle=1 slot=0 bytes=2022 slices=9 mtu=255 kind=reply
3367210,rx_write,handle=1 slot=0 bytes=24 accepted=24 free_before=4166
3367214,tx_frame,handle=1 slot=0 bytes=308 slices=2 mtu=255 kind=reply
3367270,rx_write,handle=1 slot=0 bytes=29 accepted=29 free_before=4166
3367297,tx_frame,handle=1 slot=0 bytes=2022 slices=9 mtu=255 kind=reply
3367390,rx_write,handle=1 slot=0 bytes=29 accepted=29 free_before=4166
3367412,tx_frame,handle=1 slot=0 bytes=956 slices=4 mtu=255 kind=reply
3368380,tx_subscribed,handle=1 value=0
3368380,disconnect,handle=1 slot=0 peer=74:41:80:71:fc:64 reason=531 registered=1
3368382,advertise_restart,advertising=1
3369310,connect,handle=1 slot=0 peer=74:41:80:71:fc:64 interval_units=24 timeout_ms=720 mtu=23
3369640,mtu,handle=1 value=255
3370210,tx_subscribed,handle=1 value=1
3370330,rx_write,handle=1 slot=0 bytes=6 accepted=6 free_before=4166
3370331,tx_frame,handle=1 slot=0 bytes=36 slices=1 mtu=255 kind=reply
3370390,rx_write,handle=1 slot=0 bytes=79 accepted=79 free_before=4166
3370392,tx_frame,handle=1 slot=0 bytes=17 slices=1 mtu=255 kind=reply
3370450,rx_write,handle=1 slot=0 bytes=6 accepted=6 free_before=4166
3370459,tx_frame,handle=1 slot=0 bytes=1639 slices=7 mtu=255 kind=reply
3370660,rx_write,handle=1 slot=0 bytes=6 accepted=6 free_before=4166
3370662,tx_frame,handle=1 slot=0 bytes=53 slices=1 mtu=255 kind=reply
3370750,rx_write,handle=1 slot=0 bytes=6 accepted=6 free_before=4166
3370754,tx_frame,handle=1 slot=0 bytes=588 slices=3 mtu=255 kind=reply
3370870,rx_write,handle=1 slot=0 bytes=6 accepted=6 free_before=4166
3370870,rx_write,handle=1 slot=0 bytes=24 accepted=24 free_before=4160
3370874,tx_frame,handle=1 slot=0 bytes=345 slices=2 mtu=255 kind=reply
3370877,tx_frame,handle=1 slot=0 bytes=308 slices=2 mtu=255 kind=reply
3370960,rx_write,handle=1 slot=0 bytes=18 accepted=18 free_before=4166
3370960,rx_write,handle=1 slot=0 bytes=24 accepted=24 free_before=4148
3370987,tx_frame,handle=1 slot=0 bytes=2022 slices=9 mtu=255 kind=reply
3370992,tx_frame,handle=1 slot=0 bytes=308 slices=2 mtu=255 kind=reply
3371080,rx_write,handle=1 slot=0 bytes=29 accepted=29 free_before=4166
3371107,tx_frame,handle=1 slot=0 bytes=2022 slices=9 mtu=255 kind=reply
3371230,rx_write,handle=1 slot=0 bytes=29 accepted=29 free_before=4166
3371252,tx_frame,handle=1 slot=0 bytes=956 slices=4 mtu=255 kind=reply
3372040,tx_subscribed,handle=1 value=0
3372041,disconnect,handle=1 slot=0 peer=74:41:80:71:fc:64 reason=531 registered=1
3372041,advertise_restart,advertising=1
3373600,connect,handle=1 slot=0 peer=74:41:80:71:fc:64 interval_units=24 timeout_ms=720 mtu=23
3373930,mtu,handle=1 value=255
3374500,tx_subscribed,handle=1 value=1
3374620,rx_write,handle=1 slot=0 bytes=6 accepted=6 free_before=4166
3374621,tx_frame,handle=1 slot=0 bytes=36 slices=1 mtu=255 kind=reply
3374650,rx_write,handle=1 slot=0 bytes=79 accepted=79 free_before=4166
3374652,tx_frame,handle=1 slot=0 bytes=17 slices=1 mtu=255 kind=reply
3374710,rx_write,handle=1 slot=0 bytes=6 accepted=6 free_before=4166
3374720,tx_frame,handle=1 slot=0 bytes=1640 slices=7 mtu=255 kind=reply
3374920,rx_write,handle=1 slot=0 bytes=6 accepted=6 free_before=4166
3374921,tx_frame,handle=1 slot=0 bytes=53 slices=1 mtu=255 kind=reply
3375010,rx_write,handle=1 slot=0 bytes=6 accepted=6 free_before=4166
3375015,tx_frame,handle=1 slot=0 bytes=588 slices=3 mtu=255 kind=reply
3375130,rx_write,handle=1 slot=0 bytes=6 accepted=6 free_before=4166
3375130,rx_write,handle=1 slot=0 bytes=24 accepted=24 free_before=4160
3375134,tx_frame,handle=1 slot=0 bytes=345 slices=2 mtu=255 kind=reply
3375137,tx_frame,handle=1 slot=0 bytes=308 slices=2 mtu=255 kind=reply
3375190,rx_write,handle=1 slot=0 bytes=18 accepted=18 free_before=4166
3375218,tx_frame,handle=1 slot=0 bytes=2022 slices=9 mtu=255 kind=reply
3375220,rx_write,handle=1 slot=0 bytes=24 accepted=24 free_before=4166
3375224,tx_frame,handle=1 slot=0 bytes=308 slices=2 mtu=255 kind=reply
3375310,rx_write,handle=1 slot=0 bytes=29 accepted=29 free_before=4166
3375337,tx_frame,handle=1 slot=0 bytes=2022 slices=9 mtu=255 kind=reply
3375460,rx_write,handle=1 slot=0 bytes=29 accepted=29 free_before=4166
3375482,tx_frame,handle=1 slot=0 bytes=956 slices=4 mtu=255 kind=reply
3376360,tx_subscribed,handle=1 value=0
3376361,disconnect,handle=1 slot=0 peer=74:41:80:71:fc:64 reason=531 registered=1
3376362,advertise_restart,advertising=1
3380380,connect,handle=1 slot=0 peer=74:41:80:71:fc:64 interval_units=24 timeout_ms=720 mtu=23
3380710,mtu,handle=1 value=255
3381310,tx_subscribed,handle=1 value=1
3381430,rx_write,handle=1 slot=0 bytes=6 accepted=6 free_before=4166
3381432,tx_frame,handle=1 slot=0 bytes=36 slices=1 mtu=255 kind=reply
3381490,rx_write,handle=1 slot=0 bytes=79 accepted=79 free_before=4166
3381492,tx_frame,handle=1 slot=0 bytes=17 slices=1 mtu=255 kind=reply
3381550,rx_write,handle=1 slot=0 bytes=6 accepted=6 free_before=4166
3381560,tx_frame,handle=1 slot=0 bytes=1640 slices=7 mtu=255 kind=reply
3381700,rx_write,handle=1 slot=0 bytes=6 accepted=6 free_before=4166
3381702,tx_frame,handle=1 slot=0 bytes=53 slices=1 mtu=255 kind=reply
3381760,rx_write,handle=1 slot=0 bytes=6 accepted=6 free_before=4166
3381765,tx_frame,handle=1 slot=0 bytes=588 slices=3 mtu=255 kind=reply
3381850,rx_write,handle=1 slot=0 bytes=6 accepted=6 free_before=4166
3381850,rx_write,handle=1 slot=0 bytes=24 accepted=24 free_before=4160
3381854,tx_frame,handle=1 slot=0 bytes=345 slices=2 mtu=255 kind=reply
3381857,tx_frame,handle=1 slot=0 bytes=308 slices=2 mtu=255 kind=reply
3381910,rx_write,handle=1 slot=0 bytes=18 accepted=18 free_before=4166
3381937,tx_frame,handle=1 slot=0 bytes=2022 slices=9 mtu=255 kind=reply
3381940,rx_write,handle=1 slot=0 bytes=24 accepted=24 free_before=4166
3381944,tx_frame,handle=1 slot=0 bytes=308 slices=2 mtu=255 kind=reply
3382030,rx_write,handle=1 slot=0 bytes=29 accepted=29 free_before=4166
3382057,tx_frame,handle=1 slot=0 bytes=2022 slices=9 mtu=255 kind=reply
3382210,rx_write,handle=1 slot=0 bytes=29 accepted=29 free_before=4166
3382232,tx_frame,handle=1 slot=0 bytes=956 slices=4 mtu=255 kind=reply
3383290,tx_subscribed,handle=1 value=0
3383291,disconnect,handle=1 slot=0 peer=74:41:80:71:fc:64 reason=531 registered=1
3383293,advertise_restart,advertising=1
3386350,connect,handle=1 slot=0 peer=74:41:80:71:fc:64 interval_units=24 timeout_ms=720 mtu=23
3386680,mtu,handle=1 value=255
3387250,tx_subscribed,handle=1 value=1
3387370,rx_write,handle=1 slot=0 bytes=6 accepted=6 free_before=4166
3387372,tx_frame,handle=1 slot=0 bytes=36 slices=1 mtu=255 kind=reply
3387430,rx_write,handle=1 slot=0 bytes=79 accepted=79 free_before=4166
3387432,tx_frame,handle=1 slot=0 bytes=17 slices=1 mtu=255 kind=reply
3387490,rx_write,handle=1 slot=0 bytes=6 accepted=6 free_before=4166
3387500,tx_frame,handle=1 slot=0 bytes=1641 slices=7 mtu=255 kind=reply
3387640,rx_write,handle=1 slot=0 bytes=6 accepted=6 free_before=4166
3387642,tx_frame,handle=1 slot=0 bytes=53 slices=1 mtu=255 kind=reply
3387730,rx_write,handle=1 slot=0 bytes=6 accepted=6 free_before=4166
3387735,tx_frame,handle=1 slot=0 bytes=588 slices=3 mtu=255 kind=reply
3387850,rx_write,handle=1 slot=0 bytes=6 accepted=6 free_before=4166
3387850,rx_write,handle=1 slot=0 bytes=24 accepted=24 free_before=4160
3387855,tx_frame,handle=1 slot=0 bytes=345 slices=2 mtu=255 kind=reply
3387858,tx_frame,handle=1 slot=0 bytes=308 slices=2 mtu=255 kind=reply
3387911,rx_write,handle=1 slot=0 bytes=18 accepted=18 free_before=4166
3387939,tx_frame,handle=1 slot=0 bytes=2022 slices=9 mtu=255 kind=reply
3387940,rx_write,handle=1 slot=0 bytes=24 accepted=24 free_before=4166
3387944,tx_frame,handle=1 slot=0 bytes=308 slices=2 mtu=255 kind=reply
3388030,rx_write,handle=1 slot=0 bytes=29 accepted=29 free_before=4166
3388057,tx_frame,handle=1 slot=0 bytes=2022 slices=9 mtu=255 kind=reply
3388150,rx_write,handle=1 slot=0 bytes=29 accepted=29 free_before=4166
3388172,tx_frame,handle=1 slot=0 bytes=956 slices=4 mtu=255 kind=reply
3389170,tx_subscribed,handle=1 value=0
3389171,disconnect,handle=1 slot=0 peer=74:41:80:71:fc:64 reason=531 registered=1
3389172,advertise_restart,advertising=1
3391120,connect,handle=1 slot=0 peer=74:41:80:71:fc:64 interval_units=24 timeout_ms=720 mtu=23
3391450,mtu,handle=1 value=255
3392140,tx_subscribed,handle=1 value=1
3392260,rx_write,handle=1 slot=0 bytes=6 accepted=6 free_before=4166
3392262,tx_frame,handle=1 slot=0 bytes=36 slices=1 mtu=255 kind=reply
3392350,rx_write,handle=1 slot=0 bytes=79 accepted=79 free_before=4166
3392354,tx_frame,handle=1 slot=0 bytes=17 slices=1 mtu=255 kind=reply
3392440,rx_write,handle=1 slot=0 bytes=6 accepted=6 free_before=4166
3392450,tx_frame,handle=1 slot=0 bytes=1641 slices=7 mtu=255 kind=reply
3392620,rx_write,handle=1 slot=0 bytes=6 accepted=6 free_before=4166
3392622,tx_frame,handle=1 slot=0 bytes=53 slices=1 mtu=255 kind=reply
3392680,rx_write,handle=1 slot=0 bytes=6 accepted=6 free_before=4166
3392685,tx_frame,handle=1 slot=0 bytes=588 slices=3 mtu=255 kind=reply
3392800,rx_write,handle=1 slot=0 bytes=6 accepted=6 free_before=4166
3392804,tx_frame,handle=1 slot=0 bytes=345 slices=2 mtu=255 kind=reply
3392830,rx_write,handle=1 slot=0 bytes=24 accepted=24 free_before=4166
3392834,tx_frame,handle=1 slot=0 bytes=308 slices=2 mtu=255 kind=reply
3392890,rx_write,handle=1 slot=0 bytes=18 accepted=18 free_before=4166
3392890,rx_,
3392917,tx_frame,handle=1 slot=0 bytes=2022 slices=9 mtu=255 kind=reply
3392952,tx_frame,handle=1 slot=0 bytes=308 slices=2 mtu=255 kind=reply
3393040,rx_write,handle=1 slot=0 bytes=29 accepted=29 free_before=4166
3393067,tx_frame,handle=1 slot=0 bytes=2022 slices=9 mtu=255 kind=reply
3393280,rx_write,handle=1 slot=0 bytes=29 accepted=29 free_before=4166
3393302,tx_frame,handle=1 slot=0 bytes=956 slices=4 mtu=255 kind=reply
3394030,tx_subscribed,handle=1 value=0
3394031,disconnect,handle=1 slot=0 peer=74:41:80:71:fc:64 reason=531 registered=1
3394032,advertise_restart,advertising=1
3395050,connect,handle=1 slot=0 peer=74:41:80:71:fc:64 interval_units=24 timeout_ms=720 mtu=23
3395380,mtu,handle=1 value=255
3395920,tx_subscribed,handle=1 value=1
3396100,rx_write,handle=1 slot=0 bytes=6 accepted=6 free_before=4166
3396102,tx_frame,handle=1 slot=0 bytes=36 slices=1 mtu=255 kind=reply
3396160,rx_write,handle=1 slot=0 bytes=79 accepted=79 free_before=4166
3396163,tx_frame,handle=1 slot=0 bytes=17 slices=1 mtu=255 kind=reply
3396220,rx_write,handle=1 slot=0 bytes=6 accepted=6 free_before=4166
3396230,tx_frame,handle=1 slot=0 bytes=1641 slices=7 mtu=255 kind=reply
3396370,rx_write,handle=1 slot=0 bytes=6 accepted=6 free_before=4166
3396372,tx_frame,handle=1 slot=0 bytes=53 slices=1 mtu=255 kind=reply
3396460,rx_write,handle=1 slot=0 bytes=6 accepted=6 free_before=4166
3396465,tx_frame,handle=1 slot=0 bytes=588 slices=3 mtu=255 kind=reply
3396550,rx_write,handle=1 slot=0 bytes=6 accepted=6 free_before=4166
3396550,rx_write,handle=1 slot=0 bytes=24 accepted=24 free_before=4160
3396555,tx_frame,handle=1 slot=0 bytes=345 slices=2 mtu=255 kind=reply
3396558,tx_frame,handle=1 slot=0 bytes=308 slices=2 mtu=255 kind=reply
3396640,rx_write,handle=1 slot=0 bytes=18 accepted=18 free_before=4166
3396668,tx_frame,handle=1 slot=0 bytes=2022 slices=9 mtu=255 kind=reply
3396670,rx_write,handle=1 slot=0 bytes=24 accepted=24 free_before=4166
3396674,tx_frame,handle=1 slot=0 bytes=308 slices=2 mtu=255 kind=reply
3396790,rx_write,handle=1 slot=0 bytes=29 accepted=29 free_before=4166
3396818,tx_frame,handle=1 slot=0 bytes=2022 slices=9 mtu=255 kind=reply
3396940,rx_write,handle=1 slot=0 bytes=29 accepted=29 free_before=4166
3396962,tx_frame,handle=1 slot=0 bytes=956 slices=4 mtu=255 kind=reply
3397871,tx_subscribed,handle=1 value=0
3397871,disconnect,handle=1 slot=0 peer=74:41:80:71:fc:64 reason=531 registered=1
3397872,advertise_restart,advertising=1
3399850,connect,handle=1 slot=0 peer=74:41:80:71:fc:64 interval_units=24 timeout_ms=720 mtu=23
3400180,mtu,handle=1 value=255
3400750,tx_subscribed,handle=1 value=1
3400870,rx_write,handle=1 slot=0 bytes=6 accepted=6 free_before=4166
3400872,tx_frame,handle=1 slot=0 bytes=36 slices=1 mtu=255 kind=reply
3400900,rx_write,handle=1 slot=0 bytes=79 accepted=79 free_before=4166
3400903,tx_frame,handle=1 slot=0 bytes=17 slices=1 mtu=255 kind=reply
3401020,rx_write,handle=1 slot=0 bytes=6 accepted=6 free_before=4166
3401030,tx_frame,handle=1 slot=0 bytes=1641 slices=7 mtu=255 kind=reply
3401200,rx_write,handle=1 slot=0 bytes=6 accepted=6 free_before=4166
3401202,tx_frame,handle=1 slot=0 bytes=53 slices=1 mtu=255 kind=reply
3401260,rx_write,handle=1 slot=0 bytes=6 accepted=6 free_before=4166
3401265,tx_frame,handle=1 slot=0 bytes=588 slices=3 mtu=255 kind=reply
3401410,rx_write,handle=1 slot=0 bytes=6 accepted=6 free_before=4166
3401410,rx_write,handle=1 slot=0 bytes=24 accepted=24 free_before=4160
3401415,tx_frame,handle=1 slot=0 bytes=345 slices=2 mtu=255 kind=reply
3401418,tx_frame,handle=1 slot=0 bytes=308 slices=2 mtu=255 kind=reply
3401470,rx_write,handle=1 slot=0 bytes=18 accepted=18 free_before=4166
3401497,tx_frame,handle=1 slot=0 bytes=2022 slices=9 mtu=255 kind=reply
3401500,rx_write,handle=1 slot=0 bytes=24 accepted=24 free_before=4166
3401504,tx_frame,handle=1 slot=0 bytes=308 slices=2 mtu=255 kind=reply
3401590,rx_write,handle=1 slot=0 bytes=29 accepted=29 free_before=4166
3401617,tx_frame,handle=1 slot=0 bytes=2022 slices=9 mtu=255 kind=reply
3401740,rx_write,handle=1 slot=0 bytes=29 accepted=29 free_before=4166
3401762,tx_frame,handle=1 slot=0 bytes=956 slices=4 mtu=255 kind=reply
3402640,tx_subscribed,handle=1 value=0
3402671,disconnect,handle=1 slot=0 peer=74:41:80:71:fc:64 reason=531 registered=1
3402672,advertise_restart,advertising=1
3405820,connect,handle=1 slot=0 peer=74:41:80:71:fc:64 interval_units=24 timeout_ms=720 mtu=23
3406180,mtu,handle=1 value=255
3406780,tx_subscribed,handle=1 value=1
3406930,rx_write,handle=1 slot=0 bytes=6 accepted=6 free_before=4166
3406932,tx_frame,handle=1 slot=0 bytes=36 slices=1 mtu=255 kind=reply
3407020,rx_write,handle=1 slot=0 bytes=79 accepted=79 free_before=4166
3407025,tx_frame,handle=1 slot=0 bytes=17 slices=1 mtu=255 kind=reply
3407080,rx_write,handle=1 slot=0 bytes=6 accepted=6 free_before=4166
3407090,tx_frame,handle=1 slot=0 bytes=1640 slices=7 mtu=255 kind=reply
3407290,rx_write,handle=1 slot=0 bytes=6 accepted=6 free_before=4166
3407293,tx_frame,handle=1 slot=0 bytes=53 slices=1 mtu=255 kind=reply
3407350,rx_write,handle=1 slot=0 bytes=6 accepted=6 free_before=4166
3407355,tx_frame,handle=1 slot=0 bytes=588 slices=3 mtu=255 kind=reply
3407470,rx_write,handle=1 slot=0 bytes=6 accepted=6 free_before=4166
3407470,rx_write,handle=1 slot=0 bytes=24 accepted=24 free_before=4160
3407475,tx_frame,handle=1 slot=0 bytes=345 slices=2 mtu=255 kind=reply
3407478,tx_frame,handle=1 slot=0 bytes=308 slices=2 mtu=255 kind=reply
3407530,rx_write,handle=1 slot=0 bytes=18 accepted=18 free_before=4166
3407557,tx_frame,handle=1 slot=0 bytes=2022 slices=9 mtu=255 kind=reply
3407560,rx_write,handle=1 slot=0 bytes=24 accepted=24 free_before=4166
3407592,tx_frame,handle=1 slot=0 bytes=308 slices=2 mtu=255 kind=reply
3407680,rx_write,handle=1 slot=0 bytes=29 accepted=29 free_before=4166
3407708,tx_frame,handle=1 slot=0 bytes=2022 slices=9 mtu=255 kind=reply
3407860,rx_write,handle=1 slot=0 bytes=29 accepted=29 free_before=4166
3407884,tx_frame,handle=1 slot=0 bytes=956 slices=4 mtu=255 kind=reply
3408761,tx_subscribed,handle=1 value=0
3408761,disconnect,handle=1 slot=0 peer=74:41:80:71:fc:64 reason=531 registered=1
3408762,advertise_restart,advertising=1
3409750,connect,handle=1 slot=0 peer=74:41:80:71:fc:64 interval_units=24 timeout_ms=720 mtu=23
3410080,mtu,handle=1 value=255
3410650,tx_subscribed,handle=1 value=1
3410800,rx_write,handle=1 slot=0 bytes=6 accepted=6 free_before=4166
3410802,tx_frame,handle=1 slot=0 bytes=36 slices=1 mtu=255 kind=reply
3410860,rx_write,handle=1 slot=0 bytes=79 accepted=79 free_before=4166
3410863,tx_frame,handle=1 slot=0 bytes=17 slices=1 mtu=255 kind=reply
3410920,rx_write,handle=1 slot=0 bytes=6 accepted=6 free_before=4166
3410930,tx_frame,handle=1 slot=0 bytes=1641 slices=7 mtu=255 kind=reply
3411100,rx_write,handle=1 slot=0 bytes=6 accepted=6 free_before=4166
3411102,tx_frame,handle=1 slot=0 bytes=53 slices=1 mtu=255 kind=reply
3411160,rx_write,handle=1 slot=0 bytes=6 accepted=6 free_before=4166
3411165,tx_frame,handle=1 slot=0 bytes=588 slices=3 mtu=255 kind=reply
3411340,rx_write,handle=1 slot=0 bytes=6 accepted=6 free_before=4166
3411341,rx_write,handle=1 slot=0 bytes=24 accepted=24 free_before=4160
3411345,tx_frame,handle=1 slot=0 bytes=345 slices=2 mtu=255 kind=reply
3411348,tx_frame,handle=1 slot=0 bytes=308 slices=2 mtu=255 kind=reply
3411400,rx_write,handle=1 slot=0 bytes=18 accepted=18 free_before=4166
3411427,tx_frame,handle=1 slot=0 bytes=2022 slices=9 mtu=255 kind=reply
3411430,rx_write,handle=1 slot=0 bytes=24 accepted=24 free_before=4166
3411434,tx_frame,handle=1 slot=0 bytes=308 slices=2 mtu=255 kind=reply
3411520,rx_write,handle=1 slot=0 bytes=29 accepted=29 free_before=4166
3411547,tx_frame,handle=1 slot=0 bytes=2022 slices=9 mtu=255 kind=reply
3411640,rx_write,handle=1 slot=0 bytes=29 accepted=29 free_before=4166
3411662,tx_frame,handle=1 slot=0 bytes=956 slices=4 mtu=255 kind=reply
3412631,tx_subscribed,handle=1 value=0
3412631,disconnect,handle=1 slot=0 peer=74:41:80:71:fc:64 reason=531 registered=1
3412632,advertise_restart,advertising=1
3414761,connect,handle=1 slot=0 peer=74:41:80:71:fc:64 interval_units=24 timeout_ms=720 mtu=23
3415120,mtu,handle=1 value=255
3415720,tx_subscribed,handle=1 value=1
3415810,rx_write,handle=1 slot=0 bytes=6 accepted=6 free_before=4166
3415812,tx_frame,handle=1 slot=0 bytes=36 slices=1 mtu=255 kind=reply
3415870,rx_write,handle=1 slot=0 bytes=79 accepted=79 free_before=4166
3415873,tx_frame,handle=1 slot=0 bytes=17 slices=1 mtu=255 kind=reply
3415930,rx_write,handle=1 slot=0 bytes=6 accepted=6 free_before=4166
3415940,tx_frame,handle=1 slot=0 bytes=1641 slices=7 mtu=255 kind=reply
3416110,rx_write,handle=1 slot=0 bytes=6 accepted=6 free_before=4166
3416114,tx_frame,handle=1 slot=0 bytes=53 slices=1 mtu=255 kind=reply
3416170,rx_write,handle=1 slot=0 bytes=6 accepted=6 free_before=4166
3416175,tx_frame,handle=1 slot=0 bytes=588 slices=3 mtu=255 kind=reply
3416260,rx_write,handle=1 slot=0 bytes=6 accepted=6 free_before=4166
3416261,rx_write,handle=1 slot=0 bytes=24 accepted=24 free_before=4160
3416264,tx_frame,handle=1 slot=0 bytes=345 slices=2 mtu=255 kind=reply
3416267,tx_frame,handle=1 slot=0 bytes=308 slices=2 mtu=255 kind=reply
3416320,rx_write,handle=1 slot=0 bytes=18 accepted=18 free_before=4166
3416347,tx_frame,handle=1 slot=0 bytes=2022 slices=9 mtu=255 kind=reply
3416350,rx_write,handle=1 slot=0 bytes=24 accepted=24 free_before=4166
3416384,tx_frame,handle=1 slot=0 bytes=308 slices=2 mtu=255 kind=reply
3416470,rx_write,handle=1 slot=0 bytes=29 accepted=29 free_before=4166
3416499,tx_frame,handle=1 slot=0 bytes=2022 slices=9 mtu=255 kind=reply
3416590,rx_write,handle=1 slot=0 bytes=29 accepted=29 free_before=4166
3416612,tx_frame,handle=1 slot=0 bytes=956 slices=4 mtu=255 kind=reply
3417641,tx_subscribed,handle=1 value=0
3417641,disconnect,handle=1 slot=0 peer=74:41:80:71:fc:64 reason=531 registered=1
3417642,advertise_restart,advertising=1
3419561,connect,handle=1 slot=0 peer=74:41:80:71:fc:64 interval_units=24 timeout_ms=720 mtu=23
3419890,mtu,handle=1 value=255
3420430,tx_subscribed,handle=1 value=1
3420550,rx_write,handle=1 slot=0 bytes=6 accepted=6 free_before=4166
3420552,tx_frame,handle=1 slot=0 bytes=36 slices=1 mtu=255 kind=reply
3420611,rx_write,handle=1 slot=0 bytes=79 accepted=79 free_before=4166
3420613,tx_frame,handle=1 slot=0 bytes=17 slices=1 mtu=255 kind=reply
3420700,rx_write,handle=1 slot=0 bytes=6 accepted=6 free_before=4166
3420710,tx_frame,handle=1 slot=0 bytes=1641 slices=7 mtu=255 kind=reply
3420880,rx_write,handle=1 slot=0 bytes=6 accepted=6 free_before=4166
3420884,tx_frame,handle=1 slot=0 bytes=53 slices=1 mtu=255 kind=reply
3420940,rx_write,handle=1 slot=0 bytes=6 accepted=6 free_before=4166
3420946,tx_frame,handle=1 slot=0 bytes=588 slices=3 mtu=255 kind=reply
3421030,rx_write,handle=1 slot=0 bytes=6 accepted=6 free_before=4166
3421031,rx_write,handle=1 slot=0 bytes=24 accepted=24 free_before=4160
3421035,tx_frame,handle=1 slot=0 bytes=345 slices=2 mtu=255 kind=reply
3421038,tx_frame,handle=1 slot=0 bytes=308 slices=2 mtu=255 kind=reply
3421090,rx_write,handle=1 slot=0 bytes=18 accepted=18 free_before=4166
3421118,tx_frame,handle=1 slot=0 bytes=2022 slices=9 mtu=255 kind=reply
3421120,rx_write,handle=1 slot=0 bytes=24 accepted=24 free_before=4166
3421126,tx_frame,handle=1 slot=0 bytes=308 slices=2 mtu=255 kind=reply
3421211,rx_write,handle=1 slot=0 bytes=29 accepted=29 free_before=4166
3421238,tx_frame,handle=1 slot=0 bytes=2022 slices=9 mtu=255 kind=reply
3421330,rx_write,handle=1 slot=0 bytes=29 accepted=29 free_before=4166
3421353,tx_frame,handle=1 slot=0 bytes=956 slices=4 mtu=255 kind=reply
3422261,tx_subscribed,handle=1 value=0
3422261,disconnect,handle=1 slot=0 peer=74:41:80:71:fc:64 reason=531 registered=1
3422262,advertise_restart,advertising=1
3423401,connect,handle=1 slot=0 peer=74:41:80:71:fc:64 interval_units=24 timeout_ms=720 mtu=23
3423730,mtu,handle=1 value=255
3424300,tx_subscribed,handle=1 value=1
3424450,rx_write,handle=1 slot=0 bytes=6 accepted=6 free_before=4166
3424454,tx_frame,handle=1 slot=0 bytes=36 slices=1 mtu=255 kind=reply
3424511,rx_write,handle=1 slot=0 bytes=79 accepted=79 free_before=4166
3424513,tx_frame,handle=1 slot=0 bytes=17 slices=1 mtu=255 kind=reply
3424570,rx_write,handle=1 slot=0 bytes=6 accepted=6 free_before=4166
3424580,tx_frame,handle=1 slot=0 bytes=1641 slices=7 mtu=255 kind=reply
3424720,rx_write,handle=1 slot=0 bytes=6 accepted=6 free_before=4166
3424723,tx_frame,handle=1 slot=0 bytes=53 slices=1 mtu=255 kind=reply
3424780,rx_write,handle=1 slot=0 bytes=6 accepted=6 free_before=4166
3424785,tx_frame,handle=1 slot=0 bytes=588 slices=3 mtu=255 kind=reply
3424871,rx_write,handle=1 slot=0 bytes=6 accepted=6 free_before=4166
3424871,rx_write,handle=1 slot=0 bytes=24 accepted=24 free_before=4160
3424874,tx_frame,handle=1 slot=0 bytes=345 slices=2 mtu=255 kind=reply
3424877,tx_frame,handle=1 slot=0 bytes=308 slices=2 mtu=255 kind=reply
3424930,rx_write,handle=1 slot=0 bytes=18 accepted=18 free_before=4166
3424957,tx_frame,handle=1 slot=0 bytes=2022 slices=9 mtu=255 kind=reply
3424960,rx_write,handle=1 slot=0 bytes=24 accepted=24 free_before=4166
3424964,tx_frame,handle=1 slot=0 bytes=308 slices=2 mtu=255 kind=reply
3425050,rx_write,handle=1 slot=0 bytes=29 accepted=29 free_before=4166
3425078,tx_frame,handle=1 slot=0 bytes=2022 slices=9 mtu=255 kind=reply
3425170,rx_write,handle=1 slot=0 bytes=29 accepted=29 free_before=4166
3425194,tx_frame,handle=1 slot=0 bytes=956 slices=4 mtu=255 kind=reply
3426160,tx_subscribed,handle=1 value=0
3426191,disconnect,handle=1 slot=0 peer=74:41:80:71:fc:64 reason=531 registered=1
3426192,advertise_restart,advertising=1
3427361,connect,handle=1 slot=0 peer=74:41:80:71:fc:64 interval_units=24 timeout_ms=720 mtu=23
3427691,mtu,handle=1 value=255
3428260,tx_subscribed,handle=1 value=1
3428380,rx_write,handle=1 slot=0 bytes=6 accepted=6 free_before=4166
3428382,tx_frame,handle=1 slot=0 bytes=36 slices=1 mtu=255 kind=reply
3428411,rx_write,handle=1 slot=0 bytes=79 accepted=79 free_before=4166
3428413,tx_frame,handle=1 slot=0 bytes=17 slices=1 mtu=255 kind=reply
3428470,rx_write,handle=1 slot=0 bytes=6 accepted=6 free_before=4166
3428480,tx_frame,handle=1 slot=0 bytes=1640 slices=7 mtu=255 kind=reply
3428650,rx_write,handle=1 slot=0 bytes=6 accepted=6 free_before=4166
3428652,tx_frame,handle=1 slot=0 bytes=53 slices=1 mtu=255 kind=reply
3428710,rx_write,handle=1 slot=0 bytes=6 accepted=6 free_before=4166
3428716,tx_frame,handle=1 slot=0 bytes=588 slices=3 mtu=255 kind=reply
3428800,rx_write,handle=1 slot=0 bytes=6 accepted=6 free_before=4166
3428801,rx_write,handle=1 slot=0 bytes=24 accepted=24 free_before=4160
3428805,tx_frame,handle=1 slot=0 bytes=345 slices=2 mtu=255 kind=reply
3428808,tx_frame,handle=1 slot=0 bytes=308 slices=2 mtu=255 kind=reply
3428861,rx_write,handle=1 slot=0 bytes=18 accepted=18 free_before=4166
3428889,tx_frame,handle=1 slot=0 bytes=2022 slices=9 mtu=255 kind=reply
3428890,rx_write,handle=1 slot=0 bytes=24 accepted=24 free_before=4166
3428895,tx_frame,handle=1 slot=0 bytes=308 slices=2 mtu=255 kind=reply
3428981,rx_write,handle=1 slot=0 bytes=29 accepted=29 free_before=4166
3429008,tx_frame,handle=1 slot=0 bytes=2022 slices=9 mtu=255 kind=reply
3429131,rx_write,handle=1 slot=0 bytes=29 accepted=29 free_before=4166
3429153,tx_frame,handle=1 slot=0 bytes=956 slices=4 mtu=255 kind=reply
3430121,tx_subscribed,handle=1 value=0
3430121,disconnect,handle=1 slot=0 peer=74:41:80:71:fc:64 reason=531 registered=1
3430123,advertise_restart,advertising=1
3431291,connect,handle=1 slot=0 peer=74:41:80:71:fc:64 interval_units=24 timeout_ms=720 mtu=23
3431621,mtu,handle=1 value=255
3432191,tx_subscribed,handle=1 value=1
3432310,rx_write,handle=1 slot=0 bytes=6 accepted=6 free_before=4166
3432312,tx_frame,handle=1 slot=0 bytes=36 slices=1 mtu=255 kind=reply
3432341,rx_write,handle=1 slot=0 bytes=79 accepted=79 free_before=4166
3432343,tx_frame,handle=1 slot=0 bytes=17 slices=1 mtu=255 kind=reply
3432401,rx_write,handle=1 slot=0 bytes=6 accepted=6 free_before=4166
3432410,tx_frame,handle=1 slot=0 bytes=1641 slices=7 mtu=255 kind=reply
3432611,rx_write,handle=1 slot=0 bytes=6 accepted=6 free_before=4166
3432613,tx_frame,handle=1 slot=0 bytes=53 slices=1 mtu=255 kind=reply
3432671,rx_write,handle=1 slot=0 bytes=6 accepted=6 free_before=4166
3432676,tx_frame,handle=1 slot=0 bytes=588 slices=3 mtu=255 kind=reply
3432760,rx_write,handle=1 slot=0 bytes=6 accepted=6 free_before=4166
3432761,rx_write,handle=1 slot=0 bytes=24 accepted=24 free_before=4160
3432765,tx_frame,handle=1 slot=0 bytes=345 slices=2 mtu=255 kind=reply
3432768,tx_frame,handle=1 slot=0 bytes=308 slices=2 mtu=255 kind=reply
3432851,rx_write,handle=1 slot=0 bytes=18 accepted=18 free_before=4166
3432879,tx_frame,handle=1 slot=0 bytes=2022 slices=9 mtu=255 kind=reply
3432881,rx_write,handle=1 slot=0 bytes=24 accepted=24 free_before=4166
3432886,tx_frame,handle=1 slot=0 bytes=308 slices=2 mtu=255 kind=reply
3433001,rx_write,handle=1 slot=0 bytes=29 accepted=29 free_before=4166
3433028,tx_frame,handle=1 slot=0 bytes=2022 slices=9 mtu=255 kind=reply
3433181,rx_write,handle=1 slot=0 bytes=29 accepted=29 free_before=4166
3433203,tx_frame,handle=1 slot=0 bytes=956 slices=4 mtu=255 kind=reply
3434111,tx_subscribed,handle=1 value=0
3434112,disconnect,handle=1 slot=0 peer=74:41:80:71:fc:64 reason=531 registered=1
3434113,advertise_restart,advertising=1
3435431,connect,handle=1 slot=0 peer=74:41:80:71:fc:64 interval_units=24 timeout_ms=720 mtu=23
3435761,mtu,handle=1 value=255
3436301,tx_subscribed,handle=1 value=1
3436421,rx_write,handle=1 slot=0 bytes=6 accepted=6 free_before=4166
3436423,tx_frame,handle=1 slot=0 bytes=36 slices=1 mtu=255 kind=reply
3436481,rx_write,handle=1 slot=0 bytes=79 accepted=79 free_before=4166
3436483,tx_frame,handle=1 slot=0 bytes=17 slices=1 mtu=255 kind=reply
3436541,rx_write,handle=1 slot=0 bytes=6 accepted=6 free_before=4166
3436550,tx_frame,handle=1 slot=0 bytes=1641 slices=7 mtu=255 kind=reply
3436691,rx_write,handle=1 slot=0 bytes=6 accepted=6 free_before=4166
3436693,tx_frame,handle=1 slot=0 bytes=53 slices=1 mtu=255 kind=reply
3436781,rx_write,handle=1 slot=0 bytes=6 accepted=6 free_before=4166
3436785,tx_frame,handle=1 slot=0 bytes=588 slices=3 mtu=255 kind=reply
3436871,rx_write,handle=1 slot=0 bytes=6 accepted=6 free_before=4166
3436871,rx_write,handle=1 slot=0 bytes=24 accepted=24 free_before=4160
3436874,tx_frame,handle=1 slot=0 bytes=345 slices=2 mtu=255 kind=reply
3436877,tx_frame,handle=1 slot=0 bytes=308 slices=2 mtu=255 kind=reply
3436931,rx_write,handle=1 slot=0 bytes=18 accepted=18 free_before=4166
3436958,tx_frame,handle=1 slot=0 bytes=2022 slices=9 mtu=255 kind=reply
3436961,rx_write,handle=1 slot=0 bytes=24 accepted=24 free_before=4166
3436966,tx_frame,handle=1 slot=0 bytes=308 slices=2 mtu=255 kind=reply
3437051,rx_write,handle=1 slot=0 bytes=29 accepted=29 free_before=4166
3437079,tx_frame,handle=1 slot=0 bytes=2022 slices=9 mtu=255 kind=reply
3437171,rx_write,handle=1 slot=0 bytes=29 accepted=29 free_before=4166
3437193,tx_frame,handle=1 slot=0 bytes=956 slices=4 mtu=255 kind=reply
3438221,tx_subscribed,handle=1 value=0
3438222,disconnect,handle=1 slot=0 peer=74:41:80:71:fc:64 reason=531 registered=1
3438223,advertise_restart,advertising=1
3441251,connect,handle=1 slot=0 peer=74:41:80:71:fc:64 interval_units=24 timeout_ms=720 mtu=23
3441581,mtu,handle=1 value=255
3442121,tx_subscribed,handle=1 value=1
3442241,rx_write,handle=1 slot=0 bytes=6 accepted=6 free_before=4166
3442243,tx_frame,handle=1 slot=0 bytes=36 slices=1 mtu=255 kind=reply
3442301,rx_write,handle=1 slot=0 bytes=79 accepted=79 free_before=4166
3442303,tx_frame,handle=1 slot=0 bytes=17 slices=1 mtu=255 kind=reply
3442361,rx_write,handle=1 slot=0 bytes=6 accepted=6 free_before=4166
3442370,tx_frame,handle=1 slot=0 bytes=1641 slices=7 mtu=255 kind=reply
3442601,rx_write,handle=1 slot=0 bytes=6 accepted=6 free_before=4166
3442603,tx_frame,handle=1 slot=0 bytes=53 slices=1 mtu=255 kind=reply
3442661,rx_write,handle=1 slot=0 bytes=6 accepted=6 free_before=4166
3442665,tx_frame,handle=1 slot=0 bytes=588 slices=3 mtu=255 kind=reply
3442811,rx_write,handle=1 slot=0 bytes=6 accepted=6 free_before=4166
3442811,rx_write,handle=1 slot=0 bytes=24 accepted=24 free_before=4160
3442814,tx_frame,handle=1 slot=0 bytes=345 slices=2 mtu=255 kind=reply
3442817,tx_frame,handle=1 slot=0 bytes=308 slices=2 mtu=255 kind=reply
3442871,rx_write,handle=1 slot=0 bytes=18 accepted=18 free_before=4166
3442898,tx_frame,handle=1 slot=0 bytes=2022 slices=9 mtu=255 kind=reply
3442901,rx_write,handle=1 slot=0 bytes=24 accepted=24 free_before=4166
3442906,tx_frame,handle=1 slot=0 bytes=308 slices=2 mtu=255 kind=reply
3442991,rx_write,handle=1 slot=0 bytes=29 accepted=29 free_before=4166
3443019,tx_frame,handle=1 slot=0 bytes=2022 slices=9 mtu=255 kind=reply
3443171,rx_write,handle=1 slot=0 bytes=29 accepted=29 free_before=4166
3443193,tx_frame,handle=1 slot=0 bytes=956 slices=4 mtu=255 kind=reply
3444071,tx_subscribed,handle=1 value=0
3444072,disconnect,handle=1 slot=0 peer=74:41:80:71:fc:64 reason=531 registered=1
3444073,advertise_restart,advertising=1
3445241,connect,handle=1 slot=0 peer=74:41:80:71:fc:64 interval_units=24 timeout_ms=720 mtu=23
3445571,mtu,handle=1 value=255
3446171,tx_subscribed,handle=1 value=1
3446291,rx_write,handle=1 slot=0 bytes=6 accepted=6 free_before=4166
3446293,tx_frame,handle=1 slot=0 bytes=36 slices=1 mtu=255 kind=reply
3446351,rx_write,handle=1 slot=0 bytes=79 accepted=79 free_before=4166
3446353,tx_frame,handle=1 slot=0 bytes=17 slices=1 mtu=255 kind=reply
3446411,rx_write,handle=1 slot=0 bytes=6 accepted=6 free_before=4166
3446421,tx_frame,handle=1 slot=0 bytes=1640 slices=7 mtu=255 kind=reply
3446561,rx_write,handle=1 slot=0 bytes=6 accepted=6 free_before=4166
3446563,tx_frame,handle=1 slot=0 bytes=53 slices=1 mtu=255 kind=reply
3446621,rx_write,handle=1 slot=0 bytes=6 accepted=6 free_before=4166
3446625,tx_frame,handle=1 slot=0 bytes=588 slices=3 mtu=255 kind=reply
3446711,rx_write,handle=1 slot=0 bytes=6 accepted=6 free_before=4166
3446711,rx_write,handle=1 slot=0 bytes=24 accepted=24 free_before=4160
3446714,tx_frame,handle=1 slot=0 bytes=345 slices=2 mtu=255 kind=reply
3446717,tx_frame,handle=1 slot=0 bytes=308 slices=2 mtu=255 kind=reply
3446771,rx_write,handle=1 slot=0 bytes=18 accepted=18 free_before=4166
3446798,tx_frame,handle=1 slot=0 bytes=2022 slices=9 mtu=255 kind=reply
3446801,rx_write,handle=1 slot=0 bytes=24 accepted=24 free_before=4166
3446805,tx_frame,handle=1 slot=0 bytes=308 slices=2 mtu=255 kind=reply
3446921,rx_write,handle=1 slot=0 bytes=29 accepted=29 free_before=4166
3446948,tx_frame,handle=1 slot=0 bytes=2022 slices=9 mtu=255 kind=reply
3447071,rx_write,handle=1 slot=0 bytes=29 accepted=29 free_before=4166
3447093,tx_frame,handle=1 slot=0 bytes=956 slices=4 mtu=255 kind=reply
3448091,tx_subscribed,handle=1 value=0
3448092,disconnect,handle=1 slot=0 peer=74:41:80:71:fc:64 reason=531 registered=1
3448092,advertise_restart,advertising=1
3449171,connect,handle=1 slot=0 peer=74:41:80:71:fc:64 interval_units=24 timeout_ms=720 mtu=23
3449501,mtu,handle=1 value=255
3450071,tx_subscribed,handle=1 value=1
3450191,rx_write,handle=1 slot=0 bytes=6 accepted=6 free_before=4166
3450193,tx_frame,handle=1 slot=0 bytes=36 slices=1 mtu=255 kind=reply
3450221,rx_write,handle=1 slot=0 bytes=79 accepted=79 free_before=4166
3450223,tx_frame,handle=1 slot=0 bytes=17 slices=1 mtu=255 kind=reply
3450281,rx_write,handle=1 slot=0 bytes=6 accepted=6 free_before=4166
3450291,tx_frame,handle=1 slot=0 bytes=1641 slices=7 mtu=255 kind=reply
3450491,rx_write,handle=1 slot=0 bytes=6 accepted=6 free_before=4166
3450493,tx_frame,handle=1 slot=0 bytes=53 slices=1 mtu=255 kind=reply
3450581,rx_write,handle=1 slot=0 bytes=6 accepted=6 free_before=4166
3450586,tx_frame,handle=1 slot=0 bytes=588 slices=3 mtu=255 kind=reply
3450731,rx_write,handle=1 slot=0 bytes=6 accepted=6 free_before=4166
3450731,rx_write,handle=1 slot=0 bytes=24 accepted=24 free_before=4160
3450736,tx_frame,handle=1 slot=0 bytes=345 slices=2 mtu=255 kind=reply
3450739,tx_frame,handle=1 slot=0 bytes=308 slices=2 mtu=255 kind=reply
3450791,rx_write,handle=1 slot=0 bytes=18 accepted=18 free_before=4166
3450791,rx_write,handle=1 slot=0 bytes=24 accepted=24 free_before=4148
3450818,tx_frame,handle=1 slot=0 bytes=2022 slices=9 mtu=255 kind=reply
3450825,tx_frame,handle=1 slot=0 bytes=308 slices=2 mtu=255 kind=reply
3450971,rx_write,handle=1 slot=0 bytes=29 accepted=29 free_before=4166
3450999,tx_frame,handle=1 slot=0 bytes=2022 slices=9 mtu=255 kind=reply
3451091,rx_write,handle=1 slot=0 bytes=29 accepted=29 free_before=4166
3451113,tx_frame,handle=1 slot=0 bytes=956 slices=4 mtu=255 kind=reply
3451931,tx_subscribed,handle=1 value=0
3451932,disconnect,handle=1 slot=0 peer=74:41:80:71:fc:64 reason=531 registered=1
3451933,advertise_restart,advertising=1
3453131,connect,handle=1 slot=0 peer=74:41:80:71:fc:64 interval_units=24 timeout_ms=720 mtu=23
3453461,mtu,handle=1 value=255
3454061,tx_subscribed,handle=1 value=1
3454181,rx_write,handle=1 slot=0 bytes=6 accepted=6 free_before=4166
3454183,tx_frame,handle=1 slot=0 bytes=36 slices=1 mtu=255 kind=reply
3454241,rx_write,handle=1 slot=0 bytes=79 accepted=79 free_before=4166
3454245,tx_frame,handle=1 slot=0 bytes=17 slices=1 mtu=255 kind=reply
3454361,rx_write,handle=1 slot=0 bytes=6 accepted=6 free_before=4166
3454371,tx_frame,handle=1 slot=0 bytes=1641 slices=7 mtu=255 kind=reply
3454511,rx_write,handle=1 slot=0 bytes=6 accepted=6 free_before=4166
3454513,tx_frame,handle=1 slot=0 bytes=53 slices=1 mtu=255 kind=reply
3454571,rx_write,handle=1 slot=0 bytes=6 accepted=6 free_before=4166
3454576,tx_frame,handle=1 slot=0 bytes=588 slices=3 mtu=255 kind=reply
3454661,rx_write,handle=1 slot=0 bytes=6 accepted=6 free_before=4166
3454661,rx_write,handle=1 slot=0 bytes=24 accepted=24 free_before=4160
3454666,tx_frame,handle=1 slot=0 bytes=345 slices=2 mtu=255 kind=reply
3454669,tx_frame,handle=1 slot=0 bytes=308 slices=2 mtu=255 kind=reply
3454721,rx_write,handle=1 slot=0 bytes=18 accepted=18 free_before=4166
3454748,tx_frame,handle=1 slot=0 bytes=2022 slices=9 mtu=255 kind=reply
3454751,rx_write,handle=1 slot=0 bytes=24 accepted=24 free_before=4166
3454755,tx_frame,handle=1 slot=0 bytes=308 slices=2 mtu=255 kind=reply
3454841,rx_write,handle=1 slot=0 bytes=29 accepted=29 free_before=4166
3454868,tx_frame,handle=1 slot=0 bytes=2022 slices=9 mtu=255 kind=reply
3454991,rx_write,handle=1 slot=0 bytes=29 accepted=29 free_before=4166
3455013,tx_frame,handle=1 slot=0 bytes=956 slices=4 mtu=255 kind=reply
3455952,tx_subscribed,handle=1 value=0
3455952,disconnect,handle=1 slot=0 peer=74:41:80:71:fc:64 reason=531 registered=1
3455953,advertise_restart,advertising=1
3457451,connect,handle=1 slot=0 peer=74:41:80:71:fc:64 interval_units=24 timeout_ms=720 mtu=23
3457781,mtu,handle=1 value=255
3458441,tx_subscribed,handle=1 value=1
3458591,rx_write,handle=1 slot=0 bytes=6 accepted=6 free_before=4166
3458593,tx_frame,handle=1 slot=0 bytes=36 slices=1 mtu=255 kind=reply
3458681,rx_write,handle=1 slot=0 bytes=79 accepted=79 free_before=4166
3458684,tx_frame,handle=1 slot=0 bytes=17 slices=1 mtu=255 kind=reply
3458771,rx_write,handle=1 slot=0 bytes=6 accepted=6 free_before=4166
3458781,tx_frame,handle=1 slot=0 bytes=1641 slices=7 mtu=255 kind=reply
3458921,rx_write,handle=1 slot=0 bytes=6 accepted=6 free_before=4166
3458923,tx_frame,handle=1 slot=0 bytes=53 slices=1 mtu=255 kind=reply
3458981,rx_write,handle=1 slot=0 bytes=6 accepted=6 free_before=4166
3458986,tx_frame,handle=1 slot=0 bytes=588 slices=3 mtu=255 kind=reply
3459071,rx_write,handle=1 slot=0 bytes=6 accepted=6 free_before=4166
3459072,rx_write,handle=1 slot=0 bytes=24 accepted=24 free_before=4160
3459076,tx_frame,handle=1 slot=0 bytes=345 slices=2 mtu=255 kind=reply
3459079,tx_frame,handle=1 slot=0 bytes=308 slices=2 mtu=255 kind=reply
3459131,rx_write,handle=1 slot=0 bytes=18 accepted=18 free_before=4166
3459158,tx_frame,handle=1 slot=0 bytes=2022 slices=9 mtu=255 kind=reply
3459161,rx_write,handle=1 slot=0 bytes=24 accepted=24 free_before=4166
3459165,tx_frame,handle=1 slot=0 bytes=308 slices=2 mtu=255 kind=reply
3459281,rx_write,handle=1 slot=0 bytes=29 accepted=29 free_before=4166
3459308,tx_frame,handle=1 slot=0 bytes=2022 slices=9 mtu=255 kind=reply
3459401,rx_write,handle=1 slot=0 bytes=29 accepted=29 free_before=4166
3459423,tx_frame,handle=1 slot=0 bytes=956 slices=4 mtu=255 kind=reply
3460271,tx_subscribed,handle=1 value=0
3460272,disconnect,handle=1 slot=0 peer=74:41:80:71:fc:64 reason=531 registered=1
3460274,advertise_restart,advertising=1
3461652,connect,handle=1 slot=0 peer=74:41:80:71:fc:64 interval_units=24 timeout_ms=720 mtu=23
3461981,mtu,handle=1 value=255
3462551,tx_subscribed,handle=1 value=1
3462671,rx_write,handle=1 slot=0 bytes=6 accepted=6 free_before=4166
3462673,tx_frame,handle=1 slot=0 bytes=36 slices=1 mtu=255 kind=reply
3462731,rx_write,handle=1 slot=0 bytes=79 accepted=79 free_before=4166
3462734,tx_frame,handle=1 slot=0 bytes=17 slices=1 mtu=255 kind=reply
3462851,rx_write,handle=1 slot=0 bytes=6 accepted=6 free_before=4166
3462861,tx_frame,handle=1 slot=0 bytes=1641 slices=7 mtu=255 kind=reply
3463001,rx_write,handle=1 slot=0 bytes=6 accepted=6 free_before=4166
3463005,tx_frame,handle=1 slot=0 bytes=53 slices=1 mtu=255 kind=reply
3463061,rx_write,handle=1 slot=0 bytes=6 accepted=6 free_before=4166
3463067,tx_frame,handle=1 slot=0 bytes=588 slices=3 mtu=255 kind=reply
3463151,rx_write,handle=1 slot=0 bytes=6 accepted=6 free_before=4166
3463152,rx_write,handle=1 slot=0 bytes=24 accepted=24 free_before=4160
3463157,tx_frame,handle=1 slot=0 bytes=345 slices=2 mtu=255 kind=reply
3463160,tx_frame,handle=1 slot=0 bytes=308 slices=2 mtu=255 kind=reply
3463212,rx_write,handle=1 slot=0 bytes=18 accepted=18 free_before=4166
3463239,tx_frame,handle=1 slot=0 bytes=2022 slices=9 mtu=255 kind=reply
3463241,rx_write,handle=1 slot=0 bytes=24 accepted=24 free_before=4166
3463247,tx_frame,handle=1 slot=0 bytes=308 slices=2 mtu=255 kind=reply
3463361,rx_write,handle=1 slot=0 bytes=29 accepted=29 free_before=4166
3463390,tx_frame,handle=1 slot=0 bytes=2022 slices=9 mtu=255 kind=reply
3463541,rx_write,handle=1 slot=0 bytes=29 accepted=29 free_before=4166
3463563,tx_frame,handle=1 slot=0 bytes=956 slices=4 mtu=255 kind=reply
3464412,tx_subscribed,handle=1 value=0
3464412,disconnect,handle=1 slot=0 peer=74:41:80:71:fc:64 reason=531 registered=1
3464413,advertise_restart,advertising=1
3468372,connect,handle=1 slot=0 peer=74:41:80:71:fc:64 interval_units=24 timeout_ms=720 mtu=23
3468701,mtu,handle=1 value=255
3469271,tx_subscribed,handle=1 value=1
3469421,rx_write,handle=1 slot=0 bytes=6 accepted=6 free_before=4166
3469424,tx_frame,handle=1 slot=0 bytes=36 slices=1 mtu=255 kind=reply
3469482,rx_write,handle=1 slot=0 bytes=79 accepted=79 free_before=4166
3469484,tx_frame,handle=1 slot=0 bytes=17 slices=1 mtu=255 kind=reply
3469571,rx_write,handle=1 slot=0 bytes=6 accepted=6 free_before=4166
3469581,tx_frame,handle=1 slot=0 bytes=1641 slices=7 mtu=255 kind=reply
3469751,rx_write,handle=1 slot=0 bytes=6 accepted=6 free_before=4166
3469754,tx_frame,handle=1 slot=0 bytes=53 slices=1 mtu=255 kind=reply
3469811,rx_write,handle=1 slot=0 bytes=6 accepted=6 free_before=4166
3469816,tx_frame,handle=1 slot=0 bytes=588 slices=3 mtu=255 kind=reply
3469901,rx_write,handle=1 slot=0 bytes=6 accepted=6 free_before=4166
3469902,rx_write,handle=1 slot=0 bytes=24 accepted=24 free_before=4160
3469906,tx_frame,handle=1 slot=0 bytes=345 slices=2 mtu=255 kind=reply
3469909,tx_frame,handle=1 slot=0 bytes=308 slices=2 mtu=255 kind=reply
3469961,rx_write,handle=1 slot=0 bytes=18 accepted=18 free_before=4166
3469989,tx_frame,handle=1 slot=0 bytes=2022 slices=9 mtu=255 kind=reply
3469991,rx_write,handle=1 slot=0 bytes=24 accepted=24 free_before=4166
3469997,tx_frame,handle=1 slot=0 bytes=308 slices=2 mtu=255 kind=reply
3470081,rx_write,handle=1 slot=0 bytes=29 accepted=29 free_before=4166
3470109,tx_frame,handle=1 slot=0 bytes=2022 slices=9 mtu=255 kind=reply
3470231,rx_write,handle=1 slot=0 bytes=29 accepted=29 free_before=4166
3470255,tx_frame,handle=1 slot=0 bytes=956 slices=4 mtu=255 kind=reply
3471161,tx_subscribed,handle=1 value=0
3471192,disconnect,handle=1 slot=0 peer=74:41:80:71:fc:64 reason=531 registered=1
3471193,advertise_restart,advertising=1
3472632,connect,handle=1 slot=0 peer=74:41:80:71:fc:64 interval_units=24 timeout_ms=720 mtu=23
3472991,mtu,handle=1 value=255
3473561,tx_subscribed,handle=1 value=1
3473681,rx_write,handle=1 slot=0 bytes=6 accepted=6 free_before=4166
3473684,tx_frame,handle=1 slot=0 bytes=36 slices=1 mtu=255 kind=reply
3473742,rx_write,handle=1 slot=0 bytes=79 accepted=79 free_before=4166
3473744,tx_frame,handle=1 slot=0 bytes=17 slices=1 mtu=255 kind=reply
3473801,rx_write,handle=1 slot=0 bytes=6 accepted=6 free_before=4166
3473811,tx_frame,handle=1 slot=0 bytes=1641 slices=7 mtu=255 kind=reply
3473952,rx_write,handle=1 slot=0 bytes=6 accepted=6 free_before=4166
3473954,tx_frame,handle=1 slot=0 bytes=53 slices=1 mtu=255 kind=reply
3474011,rx_write,handle=1 slot=0 bytes=6 accepted=6 free_before=4166
3474016,tx_frame,handle=1 slot=0 bytes=588 slices=3 mtu=255 kind=reply
3474101,rx_write,handle=1 slot=0 bytes=6 accepted=6 free_before=4166
3474102,rx_write,handle=1 slot=0 bytes=24 accepted=24 free_before=4160
3474105,tx_frame,handle=1 slot=0 bytes=345 slices=2 mtu=255 kind=reply
3474108,tx_frame,handle=1 slot=0 bytes=308 slices=2 mtu=255 kind=reply
3474161,rx_write,handle=1 slot=0 bytes=18 accepted=18 free_before=4166
3474188,tx_frame,handle=1 slot=0 bytes=2022 slices=9 mtu=255 kind=reply
3474191,rx_write,handle=1 slot=0 bytes=24 accepted=24 free_before=4166
3474195,tx_frame,handle=1 slot=0 bytes=308 slices=2 mtu=255 kind=reply
3474281,rx_write,handle=1 slot=0 bytes=29 accepted=29 free_before=4166
3474309,tx_frame,handle=1 slot=0 bytes=2022 slices=9 mtu=255 kind=reply
3474431,rx_write,handle=1 slot=0 bytes=29 accepted=29 free_before=4166
3474455,tx_frame,handle=1 slot=0 bytes=956 slices=4 mtu=255 kind=reply
3475482,tx_subscribed,handle=1 value=0
3475482,disconnect,handle=1 slot=0 peer=74:41:80:71:fc:64 reason=531 registered=1
3475483,advertise_restart,advertising=1
3479442,connect,handle=1 slot=0 peer=74:41:80:71:fc:64 interval_units=24 timeout_ms=720 mtu=23
3479771,mtu,handle=1 value=255
3480341,tx_subscribed,handle=1 value=1
3480461,rx_write,handle=1 slot=0 bytes=6 accepted=6 free_before=4166
3480464,tx_frame,handle=1 slot=0 bytes=36 slices=1 mtu=255 kind=reply
3480522,rx_write,handle=1 slot=0 bytes=79 accepted=79 free_before=4166
3480524,tx_frame,handle=1 slot=0 bytes=17 slices=1 mtu=255 kind=reply
3480581,rx_write,handle=1 slot=0 bytes=6 accepted=6 free_before=4166
3480591,tx_frame,handle=1 slot=0 bytes=1641 slices=7 mtu=255 kind=reply
3480761,rx_write,handle=1 slot=0 bytes=6 accepted=6 free_before=4166
3480765,tx_frame,handle=1 slot=0 bytes=53 slices=1 mtu=255 kind=reply
3480821,rx_write,handle=1 slot=0 bytes=6 accepted=6 free_before=4166
3480827,tx_frame,handle=1 slot=0 bytes=588 slices=3 mtu=255 kind=reply
3480911,rx_write,handle=1 slot=0 bytes=6 accepted=6 free_before=4166
3480912,rx_write,handle=1 slot=0 bytes=24 accepted=24 free_before=4160
3480917,tx_frame,handle=1 slot=0 bytes=345 slices=2 mtu=255 kind=reply
3480920,tx_frame,handle=1 slot=0 bytes=308 slices=2 mtu=255 kind=reply
3480971,rx_write,handle=1 slot=0 bytes=18 accepted=18 free_before=4166
3480999,tx_frame,handle=1 slot=0 bytes=2022 slices=9 mtu=255 kind=reply
3481001,rx_write,handle=1 slot=0 bytes=24 accepted=24 free_before=4166
3481007,tx_frame,handle=1 slot=0 bytes=308 slices=2 mtu=255 kind=reply
3481182,rx_write,handle=1 slot=0 bytes=29 accepted=29 free_before=4166
3481210,tx_frame,handle=1 slot=0 bytes=2022 slices=9 mtu=255 kind=reply
3481301,rx_write,handle=1 slot=0 bytes=29 accepted=29 free_before=4166
3481324,tx_frame,handle=1 slot=0 bytes=956 slices=4 mtu=255 kind=reply
3482201,tx_subscribed,handle=1 value=0
3482202,disconnect,handle=1 slot=0 peer=74:41:80:71:fc:64 reason=531 registered=1
3482203,advertise_restart,advertising=1
3483372,connect,handle=1 slot=0 peer=74:41:80:71:fc:64 interval_units=24 timeout_ms=720 mtu=23
3483701,mtu,handle=1 value=255
3484241,tx_subscribed,handle=1 value=1
3484361,rx_write,handle=1 slot=0 bytes=6 accepted=6 free_before=4166
3484363,tx_frame,handle=1 slot=0 bytes=36 slices=1 mtu=255 kind=reply
3484422,rx_write,handle=1 slot=0 bytes=79 accepted=79 free_before=4166
3484424,tx_frame,handle=1 slot=0 bytes=17 slices=1 mtu=255 kind=reply
3484481,rx_write,handle=1 slot=0 bytes=6 accepted=6 free_before=4166
3484491,tx_frame,handle=1 slot=0 bytes=1641 slices=7 mtu=255 kind=reply
3484631,rx_write,handle=1 slot=0 bytes=6 accepted=6 free_before=4166
3484634,tx_frame,handle=1 slot=0 bytes=53 slices=1 mtu=255 kind=reply
3484691,rx_write,handle=1 slot=0 bytes=6 accepted=6 free_before=4166
3484696,tx_frame,handle=1 slot=0 bytes=588 slices=3 mtu=255 kind=reply
3484782,rx_write,handle=1 slot=0 bytes=6 accepted=6 free_before=4166
3484782,rx_write,handle=1 slot=0 bytes=24 accepted=24 free_before=4160
3484785,tx_frame,handle=1 slot=0 bytes=345 slices=2 mtu=255 kind=reply
3484788,tx_frame,handle=1 slot=0 bytes=308 slices=2 mtu=255 kind=reply
3484841,rx_write,handle=1 slot=0 bytes=18 accepted=18 free_before=4166
3484868,tx_frame,handle=1 slot=0 bytes=2022 slices=9 mtu=255 kind=reply
3484871,rx_write,handle=1 slot=0 bytes=24 accepted=24 free_before=4166
3484875,tx_frame,handle=1 slot=0 bytes=308 slices=2 mtu=255 kind=reply
3484991,rx_write,handle=1 slot=0 bytes=29 accepted=29 free_before=4166
3485018,tx_frame,handle=1 slot=0 bytes=2022 slices=9 mtu=255 kind=reply
3485141,rx_write,handle=1 slot=0 bytes=29 accepted=29 free_before=4166
3485163,tx_frame,handle=1 slot=0 bytes=956 slices=4 mtu=255 kind=reply
3486102,tx_subscribed,handle=1 value=0
3486102,disconnect,handle=1 slot=0 peer=74:41:80:71:fc:64 reason=531 registered=1
3486103,advertise_restart,advertising=1
3487152,connect,handle=1 slot=0 peer=74:41:80:71:fc:64 interval_units=24 timeout_ms=720 mtu=23
3487481,mtu,handle=1 value=255
3488081,tx_subscribed,handle=1 value=1
3488201,rx_write,handle=1 slot=0 bytes=6 accepted=6 free_before=4166
3488203,tx_frame,handle=1 slot=0 bytes=36 slices=1 mtu=255 kind=reply
3488262,rx_write,handle=1 slot=0 bytes=79 accepted=79 free_before=4166
3488264,tx_frame,handle=1 slot=0 bytes=17 slices=1 mtu=255 kind=reply
3488321,rx_write,handle=1 slot=0 bytes=6 accepted=6 free_before=4166
3488331,tx_frame,handle=1 slot=0 bytes=1641 slices=7 mtu=255 kind=reply
3488471,rx_write,handle=1 slot=0 bytes=6 accepted=6 free_before=4166
3488474,tx_frame,handle=1 slot=0 bytes=53 slices=1 mtu=255 kind=reply
3488531,rx_write,handle=1 slot=0 bytes=6 accepted=6 free_before=4166
3488536,tx_frame,handle=1 slot=0 bytes=588 slices=3 mtu=255 kind=reply
3488651,rx_write,handle=1 slot=0 bytes=6 accepted=6 free_before=4166
3488652,rx_write,handle=1 slot=0 bytes=24 accepted=24 free_before=4160
3488655,tx_frame,handle=1 slot=0 bytes=345 slices=2 mtu=255 kind=reply
3488658,tx_frame,handle=1 slot=0 bytes=308 slices=2 mtu=255 kind=reply
3488711,rx_write,handle=1 slot=0 bytes=18 accepted=18 free_before=4166
3488738,tx_frame,handle=1 slot=0 bytes=2022 slices=9 mtu=255 kind=reply
3488741,rx_write,handle=1 slot=0 bytes=24 accepted=24 free_before=4166
3488747,tx_frame,handle=1 slot=0 bytes=308 slices=2 mtu=255 kind=reply
3488891,rx_write,handle=1 slot=0 bytes=29 accepted=29 free_before=4166
3488919,tx_frame,handle=1 slot=0 bytes=2022 slices=9 mtu=255 kind=reply
3489011,rx_write,handle=1 slot=0 bytes=29 accepted=29 free_before=4166
3489034,tx_frame,handle=1 slot=0 bytes=956 slices=4 mtu=255 kind=reply
3489941,tx_subscribed,handle=1 value=0
3489972,disconnect,handle=1 slot=0 peer=74:41:80:71:fc:64 reason=531 registered=1
3489973,advertise_restart,advertising=1
3491352,connect,handle=1 slot=0 peer=74:41:80:71:fc:64 interval_units=24 timeout_ms=720 mtu=23
3491681,mtu,handle=1 value=255
3492311,tx_subscribed,handle=1 value=1
3492431,rx_write,handle=1 slot=0 bytes=6 accepted=6 free_before=4166
3492434,tx_frame,handle=1 slot=0 bytes=36 slices=1 mtu=255 kind=reply
3492492,rx_write,handle=1 slot=0 bytes=79 accepted=79 free_before=4166
3492494,tx_frame,handle=1 slot=0 bytes=17 slices=1 mtu=255 kind=reply
3492551,rx_write,handle=1 slot=0 bytes=6 accepted=6 free_before=4166
3492561,tx_frame,handle=1 slot=0 bytes=1641 slices=7 mtu=255 kind=reply
3492731,rx_write,handle=1 slot=0 bytes=6 accepted=6 free_before=4166
3492733,tx_frame,handle=1 slot=0 bytes=53 slices=1 mtu=255 kind=reply
3492791,rx_write,handle=1 slot=0 bytes=6 accepted=6 free_before=4166
3492797,tx_frame,handle=1 slot=0 bytes=588 slices=3 mtu=255 kind=reply
3492882,rx_write,handle=1 slot=0 bytes=6 accepted=6 free_before=4166
3492882,rx_write,handle=1 slot=0 bytes=24 accepted=24 free_before=4160
3492886,tx_frame,handle=1 slot=0 bytes=345 slices=2 mtu=255 kind=reply
3492889,tx_frame,handle=1 slot=0 bytes=308 slices=2 mtu=255 kind=reply
3492941,rx_write,handle=1 slot=0 bytes=18 accepted=18 free_before=4166
3492969,tx_frame,handle=1 slot=0 bytes=2022 slices=9 mtu=255 kind=reply
3492971,rx_write,handle=1 slot=0 bytes=24 accepted=24 free_before=4166
3492976,tx_frame,handle=1 slot=0 bytes=308 slices=2 mtu=255 kind=reply
3493091,rx_write,handle=1 slot=0 bytes=29 accepted=29 free_before=4166
3493118,tx_frame,handle=1 slot=0 bytes=2022 slices=9 mtu=255 kind=reply
3493211,rx_write,handle=1 slot=0 bytes=29 accepted=29 free_before=4166
3493234,tx_frame,handle=1 slot=0 bytes=956 slices=4 mtu=255 kind=reply
3494292,tx_subscribed,handle=1 value=0
3494292,disconnect,handle=1 slot=0 peer=74:41:80:71:fc:64 reason=531 registered=1
3494293,advertise_restart,advertising=1
3498282,connect,handle=1 slot=0 peer=74:41:80:71:fc:64 interval_units=24 timeout_ms=720 mtu=23
3498612,mtu,handle=1 value=255
3499242,tx_subscribed,handle=1 value=1
3499331,rx_write,handle=1 slot=0 bytes=6 accepted=6 free_before=4166
3499333,tx_frame,handle=1 slot=0 bytes=36 slices=1 mtu=255 kind=reply
3499392,rx_write,handle=1 slot=0 bytes=79 accepted=79 free_before=4166
3499394,tx_frame,handle=1 slot=0 bytes=17 slices=1 mtu=255 kind=reply
3499481,rx_write,handle=1 slot=0 bytes=6 accepted=6 free_before=4166
3499491,tx_frame,handle=1 slot=0 bytes=1641 slices=7 mtu=255 kind=reply
3499721,rx_write,handle=1 slot=0 bytes=6 accepted=6 free_before=4166
3499724,tx_frame,handle=1 slot=0 bytes=53 slices=1 mtu=255 kind=reply
3499781,rx_write,handle=1 slot=0 bytes=6 accepted=6 free_before=4166
3499786,tx_frame,handle=1 slot=0 bytes=588 slices=3 mtu=255 kind=reply
3499991,rx_write,handle=1 slot=0 bytes=6 accepted=6 free_before=4166
3499992,rx_write,handle=1 slot=0 bytes=24 accepted=24 free_before=4160
3499995,tx_frame,handle=1 slot=0 bytes=345 slices=2 mtu=255 kind=reply
3499998,tx_frame,handle=1 slot=0 bytes=308 slices=2 mtu=255 kind=reply
3500051,rx_write,handle=1 slot=0 bytes=18 accepted=18 free_before=4166
3500052,rx_write,handle=1 slot=0 bytes=24 accepted=24 free_before=4148
3500079,tx_frame,handle=1 slot=0 bytes=2022 slices=9 mtu=255 kind=reply
3500114,tx_frame,handle=1 slot=0 bytes=308 slices=2 mtu=255 kind=reply
3500261,rx_write,handle=1 slot=0 bytes=29 accepted=29 free_before=4166
3500288,tx_frame,handle=1 slot=0 bytes=2022 slices=9 mtu=255 kind=reply
3500411,rx_write,handle=1 slot=0 bytes=29 accepted=29 free_before=4166
3500434,tx_frame,handle=1 slot=0 bytes=956 slices=4 mtu=255 kind=reply
3501102,tx_subscribed,handle=1 value=0
3501102,disconnect,handle=1 slot=0 peer=74:41:80:71:fc:64 reason=531 registered=1
3501103,advertise_restart,advertising=1
3502422,connect,handle=1 slot=0 peer=74:41:80:71:fc:64 interval_units=24 timeout_ms=720 mtu=23
3502752,mtu,handle=1 value=255
3503351,tx_subscribed,handle=1 value=1
3503471,rx_write,handle=1 slot=0 bytes=6 accepted=6 free_before=4166
3503473,tx_frame,handle=1 slot=0 bytes=36 slices=1 mtu=255 kind=reply
3503532,rx_write,handle=1 slot=0 bytes=79 accepted=79 free_before=4166
3503534,tx_frame,handle=1 slot=0 bytes=17 slices=1 mtu=255 kind=reply
3503621,rx_write,handle=1 slot=0 bytes=6 accepted=6 free_before=4166
3503631,tx_frame,handle=1 slot=0 bytes=1641 slices=7 mtu=255 kind=reply
3503831,rx_write,handle=1 slot=0 bytes=6 accepted=6 free_before=4166
3503834,tx_frame,handle=1 slot=0 bytes=53 slices=1 mtu=255 kind=reply
3503921,rx_write,handle=1 slot=0 bytes=6 accepted=6 free_before=4166
3503926,tx_frame,handle=1 slot=0 bytes=588 slices=3 mtu=255 kind=reply
3504041,rx_write,handle=1 slot=0 bytes=6 accepted=6 free_before=4166
3504042,rx_write,handle=1 slot=0 bytes=24 accepted=24 free_before=4160
3504045,tx_frame,handle=1 slot=0 bytes=345 slices=2 mtu=255 kind=reply
3504048,tx_frame,handle=1 slot=0 bytes=308 slices=2 mtu=255 kind=reply
3504101,rx_write,handle=1 slot=0 bytes=18 accepted=18 free_before=4166
3504102,rx_write,handle=1 slot=0 bytes=24 accepted=24 free_before=4148
3504129,tx_frame,handle=1 slot=0 bytes=2022 slices=9 mtu=255 kind=reply
3504134,tx_frame,handle=1 slot=0 bytes=308 slices=2 mtu=255 kind=reply
3504223,rx_write,handle=1 slot=0 bytes=29 accepted=29 free_before=4166
3504251,tx_frame,handle=1 slot=0 bytes=2022 slices=9 mtu=255 kind=reply
3504371,rx_write,handle=1 slot=0 bytes=29 accepted=29 free_before=4166
3504394,tx_frame,handle=1 slot=0 bytes=956 slices=4 mtu=255 kind=reply
3505542,tx_subscribed,handle=1 value=0
3505542,disconnect,handle=1 slot=0 peer=74:41:80:71:fc:64 reason=531 registered=1
3505543,advertise_restart,advertising=1
3508692,connect,handle=1 slot=0 peer=74:41:80:71:fc:64 interval_units=24 timeout_ms=720 mtu=23
3509022,mtu,handle=1 value=255
3509591,tx_subscribed,handle=1 value=1
3509711,rx_write,handle=1 slot=0 bytes=6 accepted=6 free_before=4166
3509714,tx_frame,handle=1 slot=0 bytes=36 slices=1 mtu=255 kind=reply
3509772,rx_write,handle=1 slot=0 bytes=79 accepted=79 free_before=4166
3509774,tx_frame,handle=1 slot=0 bytes=17 slices=1 mtu=255 kind=reply
3509831,rx_write,handle=1 slot=0 bytes=6 accepted=6 free_before=4166
3509841,tx_frame,handle=1 slot=0 bytes=1640 slices=7 mtu=255 kind=reply
3510041,rx_write,handle=1 slot=0 bytes=6 accepted=6 free_before=4166
3510044,tx_frame,handle=1 slot=0 bytes=53 slices=1 mtu=255 kind=reply
3510101,rx_write,handle=1 slot=0 bytes=6 accepted=6 free_before=4166
3510106,tx_frame,handle=1 slot=0 bytes=588 slices=3 mtu=255 kind=reply
3510221,rx_write,handle=1 slot=0 bytes=6 accepted=6 free_before=4166
3510222,rx_write,handle=1 slot=0 bytes=24 accepted=24 free_before=4160
3510225,tx_frame,handle=1 slot=0 bytes=345 slices=2 mtu=255 kind=reply
3510228,tx_frame,handle=1 slot=0 bytes=308 slices=2 mtu=255 kind=reply
3510282,rx_write,handle=1 slot=0 bytes=18 accepted=18 free_before=4166
3510309,tx_frame,handle=1 slot=0 bytes=2022 slices=9 mtu=255 kind=reply
3510311,rx_write,handle=1 slot=0 bytes=24 accepted=24 free_before=4166
3510317,tx_frame,handle=1 slot=0 bytes=308 slices=2 mtu=255 kind=reply
3510432,rx_write,handle=1 slot=0 bytes=29 accepted=29 free_before=4166
3510460,tx_frame,handle=1 slot=0 bytes=2022 slices=9 mtu=255 kind=reply
3510642,rx_write,handle=1 slot=0 bytes=29 accepted=29 free_before=4166
3510664,tx_frame,handle=1 slot=0 bytes=956 slices=4 mtu=255 kind=reply
3511631,tx_subscribed,handle=1 value=0
3511663,disconnect,handle=1 slot=0 peer=74:41:80:71:fc:64 reason=531 registered=1
3511664,advertise_restart,advertising=1
3513762,connect,handle=1 slot=0 peer=74:41:80:71:fc:64 interval_units=24 timeout_ms=720 mtu=23
3514152,mtu,handle=1 value=255
3514721,tx_subscribed,handle=1 value=1
3514811,rx_write,handle=1 slot=0 bytes=6 accepted=6 free_before=4166
3514813,tx_frame,handle=1 slot=0 bytes=36 slices=1 mtu=255 kind=reply
3514872,rx_write,handle=1 slot=0 bytes=79 accepted=79 free_before=4166
3514874,tx_frame,handle=1 slot=0 bytes=17 slices=1 mtu=255 kind=reply
3514931,rx_write,handle=1 slot=0 bytes=6 accepted=6 free_before=4166
3514941,tx_frame,handle=1 slot=0 bytes=1641 slices=7 mtu=255 kind=reply
3515111,rx_write,handle=1 slot=0 bytes=6 accepted=6 free_before=4166
3515114,tx_frame,handle=1 slot=0 bytes=53 slices=1 mtu=255 kind=reply
3515171,rx_write,handle=1 slot=0 bytes=6 accepted=6 free_before=4166
3515177,tx_frame,handle=1 slot=0 bytes=588 slices=3 mtu=255 kind=reply
3515261,rx_write,handle=1 slot=0 bytes=6 accepted=6 free_before=4166
3515262,rx_write,handle=1 slot=0 bytes=24 accepted=24 free_before=4160
3515266,tx_frame,handle=1 slot=0 bytes=345 slices=2 mtu=255 kind=reply
3515269,tx_frame,handle=1 slot=0 bytes=308 slices=2 mtu=255 kind=reply
3515352,rx_write,handle=1 slot=0 bytes=18 accepted=18 free_before=4166
3515352,rx_write,handle=1 slot=0 bytes=24 accepted=24 free_before=4148
3515380,tx_frame,handle=1 slot=0 bytes=2022 slices=9 mtu=255 kind=reply
3515385,tx_frame,handle=1 slot=0 bytes=308 slices=2 mtu=255 kind=reply
3515502,rx_write,handle=1 slot=0 bytes=29 accepted=29 free_before=4166
3515529,tx_frame,handle=1 slot=0 bytes=2022 slices=9 mtu=255 kind=reply
3515682,rx_write,handle=1 slot=0 bytes=29 accepted=29 free_before=4166
3515705,tx_frame,handle=1 slot=0 bytes=956 slices=4 mtu=255 kind=reply
3516552,tx_subscribed,handle=1 value=0
3516553,disconnect,handle=1 slot=0 peer=74:41:80:71:fc:64 reason=531 registered=1
3516554,advertise_restart,advertising=1
3517662,connect,handle=1 slot=0 peer=74:41:80:71:fc:64 interval_units=24 timeout_ms=720 mtu=23
3517992,mtu,handle=1 value=255
3518562,tx_subscribed,handle=1 value=1
3518682,rx_write,handle=1 slot=0 bytes=6 accepted=6 free_before=4166
3518683,tx_frame,handle=1 slot=0 bytes=36 slices=1 mtu=255 kind=reply
3518712,rx_write,handle=1 slot=0 bytes=79 accepted=79 free_before=4166
3518714,tx_frame,handle=1 slot=0 bytes=17 slices=1 mtu=255 kind=reply
3518802,rx_write,handle=1 slot=0 bytes=6 accepted=6 free_before=4166
3518811,tx_frame,handle=1 slot=0 bytes=1640 slices=7 mtu=255 kind=reply
3519012,rx_write,handle=1 slot=0 bytes=6 accepted=6 free_before=4166
3519014,tx_frame,handle=1 slot=0 bytes=53 slices=1 mtu=255 kind=reply
3519072,rx_write,handle=1 slot=0 bytes=6 accepted=6 free_before=4166
3519076,tx_frame,handle=1 slot=0 bytes=588 slices=3 mtu=255 kind=reply
3519192,rx_write,handle=1 slot=0 bytes=6 accepted=6 free_before=4166
3519192,rx_write,handle=1 slot=0 bytes=24 accepted=24 free_before=4160
3519195,tx_frame,handle=1 slot=0 bytes=345 slices=2 mtu=255 kind=reply
3519198,tx_frame,handle=1 slot=0 bytes=308 slices=2 mtu=255 kind=reply
3519252,rx_write,handle=1 slot=0 bytes=18 accepted=18 free_before=4166
3519252,rx_write,handle=1 slot=0 bytes=24 accepted=24 free_before=4148
3519279,tx_frame,handle=1 slot=0 bytes=2022 slices=9 mtu=255 kind=reply
3519285,tx_frame,handle=1 slot=0 bytes=308 slices=2 mtu=255 kind=reply
3519402,rx_write,handle=1 slot=0 bytes=29 accepted=29 free_before=4166
3519429,tx_frame,handle=1 slot=0 bytes=2022 slices=9 mtu=255 kind=reply
3519582,rx_write,handle=1 slot=0 bytes=29 accepted=29 free_before=4166
3519605,tx_frame,handle=1 slot=0 bytes=956 slices=4 mtu=255 kind=reply
3520482,tx_subscribed,handle=1 value=0
3520512,disconnect,handle=1 slot=0 peer=74:41:80:71:fc:64 reason=531 registered=1
3520514,advertise_restart,advertising=1
3522012,connect,handle=1 slot=0 peer=74:41:80:71:fc:64 interval_units=24 timeout_ms=720 mtu=23
3522342,mtu,handle=1 value=255
3522882,tx_subscribed,handle=1 value=1
3523032,rx_write,handle=1 slot=0 bytes=6 accepted=6 free_before=4166
3523033,tx_frame,handle=1 slot=0 bytes=36 slices=1 mtu=255 kind=reply
3523062,rx_write,handle=1 slot=0 bytes=79 accepted=79 free_before=4166
3523064,tx_frame,handle=1 slot=0 bytes=17 slices=1 mtu=255 kind=reply
3523122,rx_write,handle=1 slot=0 bytes=6 accepted=6 free_before=4166
3523132,tx_frame,handle=1 slot=0 bytes=1641 slices=7 mtu=255 kind=reply
3523362,rx_write,handle=1 slot=0 bytes=6 accepted=6 free_before=4166
3523363,tx_frame,handle=1 slot=0 bytes=53 slices=1 mtu=255 kind=reply
3523422,rx_write,handle=1 slot=0 bytes=6 accepted=6 free_before=4166
3523427,tx_frame,handle=1 slot=0 bytes=588 slices=3 mtu=255 kind=reply
3523512,rx_write,handle=1 slot=0 bytes=6 accepted=6 free_before=4166
3523512,rx_write,handle=1 slot=0 bytes=24 accepted=24 free_before=4160
3523516,tx_frame,handle=1 slot=0 bytes=345 slices=2 mtu=255 kind=reply
3523519,tx_frame,handle=1 slot=0 bytes=308 slices=2 mtu=255 kind=reply
3523572,rx_write,handle=1 slot=0 bytes=18 accepted=18 free_before=4166
3523599,tx_frame,handle=1 slot=0 bytes=2022 slices=9 mtu=255 kind=reply
3523602,rx_write,handle=1 slot=0 bytes=24 accepted=24 free_before=4166
3523607,tx_frame,handle=1 slot=0 bytes=308 slices=2 mtu=255 kind=reply
3523722,rx_write,handle=1 slot=0 bytes=29 accepted=29 free_before=4166
3523751,tx_frame,handle=1 slot=0 bytes=2022 slices=9 mtu=255 kind=reply
3523872,rx_write,handle=1 slot=0 bytes=29 accepted=29 free_before=4166
3523894,tx_frame,handle=1 slot=0 bytes=956 slices=4 mtu=255 kind=reply
3524832,tx_subscribed,handle=1 value=0
3524833,disconnect,handle=1 slot=0 peer=74:41:80:71:fc:64 reason=531 registered=1
3524834,advertise_restart,advertising=1
3526332,connect,handle=1 slot=0 peer=74:41:80:71:fc:64 interval_units=24 timeout_ms=720 mtu=23
3526662,mtu,handle=1 value=255
3527202,tx_subscribed,handle=1 value=1
3527322,rx_write,handle=1 slot=0 bytes=6 accepted=6 free_before=4166
3527324,tx_frame,handle=1 slot=0 bytes=36 slices=1 mtu=255 kind=reply
3527382,rx_write,handle=1 slot=0 bytes=79 accepted=79 free_before=4166
3527384,tx_frame,handle=1 slot=0 bytes=17 slices=1 mtu=255 kind=reply
3527442,rx_write,handle=1 slot=0 bytes=6 accepted=6 free_before=4166
3527452,tx_frame,handle=1 slot=0 bytes=1641 slices=7 mtu=255 kind=reply
3527622,rx_write,handle=1 slot=0 bytes=6 accepted=6 free_before=4166
3527624,tx_frame,handle=1 slot=0 bytes=53 slices=1 mtu=255 kind=reply
3527712,rx_write,handle=1 slot=0 bytes=6 accepted=6 free_before=4166
3527716,tx_frame,handle=1 slot=0 bytes=588 slices=3 mtu=255 kind=reply
3527832,rx_write,handle=1 slot=0 bytes=6 accepted=6 free_before=4166
3527832,rx_write,handle=1 slot=0 bytes=24 accepted=24 free_before=4160
3527835,tx_frame,handle=1 slot=0 bytes=345 slices=2 mtu=255 kind=reply
3527838,tx_frame,handle=1 slot=0 bytes=308 slices=2 mtu=255 kind=reply
3527892,rx_write,handle=1 slot=0 bytes=18 accepted=18 free_before=4166
3527892,rx_write,handle=1 slot=0 bytes=24 accepted=24 free_before=4148
3527919,tx_frame,handle=1 slot=0 bytes=2022 slices=9 mtu=255 kind=reply
3527926,tx_frame,handle=1 slot=0 bytes=308 slices=2 mtu=255 kind=reply
3528012,rx_write,handle=1 slot=0 bytes=29 accepted=29 free_before=4166
3528040,tx_frame,handle=1 slot=0 bytes=2022 slices=9 mtu=255 kind=reply
3528132,rx_write,handle=1 slot=0 bytes=29 accepted=29 free_before=4166
3528154,tx_frame,handle=1 slot=0 bytes=956 slices=4 mtu=255 kind=reply
3529002,tx_subscribed,handle=1 value=0
3529003,disconnect,handle=1 slot=0 peer=74:41:80:71:fc:64 reason=531 registered=1
3529004,advertise_restart,advertising=1
3530052,connect,handle=1 slot=0 peer=74:41:80:71:fc:64 interval_units=24 timeout_ms=720 mtu=23
3530382,mtu,handle=1 value=255
3530952,tx_subscribed,handle=1 value=1
3531072,rx_write,handle=1 slot=0 bytes=6 accepted=6 free_before=4166
3531074,tx_frame,handle=1 slot=0 bytes=36 slices=1 mtu=255 kind=reply
3531102,rx_write,handle=1 slot=0 bytes=79 accepted=79 free_before=4166
3531107,tx_frame,handle=1 slot=0 bytes=17 slices=1 mtu=255 kind=reply
3531192,rx_write,handle=1 slot=0 bytes=6 accepted=6 free_before=4166
3531202,tx_frame,handle=1 slot=0 bytes=1641 slices=7 mtu=255 kind=reply
3531372,rx_write,handle=1 slot=0 bytes=6 accepted=6 free_before=4166
3531374,tx_frame,handle=1 slot=0 bytes=53 slices=1 mtu=255 kind=reply
3531432,rx_write,handle=1 slot=0 bytes=6 accepted=6 free_before=4166
3531437,tx_frame,handle=1 slot=0 bytes=588 slices=3 mtu=255 kind=reply
3531522,rx_write,handle=1 slot=0 bytes=6 accepted=6 free_before=4166
3531522,rx_write,handle=1 slot=0 bytes=24 accepted=24 free_before=4160
3531527,tx_frame,handle=1 slot=0 bytes=345 slices=2 mtu=255 kind=reply
3531530,tx_frame,handle=1 slot=0 bytes=308 slices=2 mtu=255 kind=reply
3531582,rx_write,handle=1 slot=0 bytes=18 accepted=18 free_before=4166
3531609,tx_frame,handle=1 slot=0 bytes=2022 slices=9 mtu=255 kind=reply
3531612,rx_write,handle=1 slot=0 bytes=24 accepted=24 free_before=4166
3531616,tx_frame,handle=1 slot=0 bytes=308 slices=2 mtu=255 kind=reply
3531704,rx_write,handle=1 slot=0 bytes=29 accepted=29 free_before=4166
3531731,tx_frame,handle=1 slot=0 bytes=2022 slices=9 mtu=255 kind=reply
3531822,rx_write,handle=1 slot=0 bytes=29 accepted=29 free_before=4166
3531844,tx_frame,handle=1 slot=0 bytes=956 slices=4 mtu=255 kind=reply
3532782,tx_subscribed,handle=1 value=0
3532813,disconnect,handle=1 slot=0 peer=74:41:80:71:fc:64 reason=531 registered=1
3532814,advertise_restart,advertising=1
3533832,connect,handle=1 slot=0 peer=74:41:80:71:fc:64 interval_units=24 timeout_ms=720 mtu=23
3534162,mtu,handle=1 value=255
3534762,tx_subscribed,handle=1 value=1
3534882,rx_write,handle=1 slot=0 bytes=6 accepted=6 free_before=4166
3534884,tx_frame,handle=1 slot=0 bytes=36 slices=1 mtu=255 kind=reply
3534942,rx_write,handle=1 slot=0 bytes=79 accepted=79 free_before=4166
3534946,tx_frame,handle=1 slot=0 bytes=17 slices=1 mtu=255 kind=reply
3535002,rx_write,handle=1 slot=0 bytes=6 accepted=6 free_before=4166
3535012,tx_frame,handle=1 slot=0 bytes=1641 slices=7 mtu=255 kind=reply
3535152,rx_write,handle=1 slot=0 bytes=6 accepted=6 free_before=4166
3535154,tx_frame,handle=1 slot=0 bytes=53 slices=1 mtu=255 kind=reply
3535212,rx_write,handle=1 slot=0 bytes=6 accepted=6 free_before=4166
3535217,tx_frame,handle=1 slot=0 bytes=588 slices=3 mtu=255 kind=reply
3535302,rx_write,handle=1 slot=0 bytes=6 accepted=6 free_before=4166
3535302,rx_write,handle=1 slot=0 bytes=24 accepted=24 free_before=4160
3535307,tx_frame,handle=1 slot=0 bytes=345 slices=2 mtu=255 kind=reply
3535310,tx_frame,handle=1 slot=0 bytes=308 slices=2 mtu=255 kind=reply
3535392,rx_write,handle=1 slot=0 bytes=18 accepted=18 free_before=4166
3535393,rx_write,handle=1 slot=0 bytes=24 accepted=24 free_before=4148
3535419,tx_frame,handle=1 slot=0 bytes=2022 slices=9 mtu=255 kind=reply
3535426,tx_frame,handle=1 slot=0 bytes=308 slices=2 mtu=255 kind=reply
3535512,rx_write,handle=1 slot=0 bytes=29 accepted=29 free_before=4166
3535539,tx_frame,handle=1 slot=0 bytes=2022 slices=9 mtu=255 kind=reply
3535662,rx_write,handle=1 slot=0 bytes=29 accepted=29 free_before=4166
3535685,tx_frame,handle=1 slot=0 bytes=956 slices=4 mtu=255 kind=reply
3536563,tx_subscribed,handle=1 value=0
3536563,disconnect,handle=1 slot=0 peer=74:41:80:71:fc:64 reason=531 registered=1
3536564,advertise_restart,advertising=1
3538152,connect,handle=1 slot=0 peer=74:41:80:71:fc:64 interval_units=24 timeout_ms=720 mtu=23
3538482,mtu,handle=1 value=255
3539022,tx_subscribed,handle=1 value=1
3539142,rx_write,handle=1 slot=0 bytes=6 accepted=6 free_before=4166
3539144,tx_frame,handle=1 slot=0 bytes=36 slices=1 mtu=255 kind=reply
3539202,rx_write,handle=1 slot=0 bytes=79 accepted=79 free_before=4166
3539204,tx_frame,handle=1 slot=0 bytes=17 slices=1 mtu=255 kind=reply
3539262,rx_write,handle=1 slot=0 bytes=6 accepted=6 free_before=4166
3539272,tx_frame,handle=1 slot=0 bytes=1641 slices=7 mtu=255 kind=reply
3539472,rx_write,handle=1 slot=0 bytes=6 accepted=6 free_before=4166
3539474,tx_frame,handle=1 slot=0 bytes=53 slices=1 mtu=255 kind=reply
3539532,rx_write,handle=1 slot=0 bytes=6 accepted=6 free_before=4166
3539537,tx_frame,handle=1 slot=0 bytes=588 slices=3 mtu=255 kind=reply
3539622,rx_write,handle=1 slot=0 bytes=6 accepted=6 free_before=4166
3539623,rx_write,handle=1 slot=0 bytes=24 accepted=24 free_before=4160
3539627,tx_frame,handle=1 slot=0 bytes=345 slices=2 mtu=255 kind=reply
3539630,tx_frame,handle=1 slot=0 bytes=308 slices=2 mtu=255 kind=reply
3539682,rx_write,handle=1 slot=0 bytes=18 accepted=18 free_before=4166
3539709,tx_frame,handle=1 slot=0 bytes=2022 slices=9 mtu=255 kind=reply
3539712,rx_write,handle=1 slot=0 bytes=24 accepted=24 free_before=4166
3539716,tx_frame,handle=1 slot=0 bytes=308 slices=2 mtu=255 kind=reply
3539832,rx_write,handle=1 slot=0 bytes=29 accepted=29 free_before=4166
3539859,tx_frame,handle=1 slot=0 bytes=2022 slices=9 mtu=255 kind=reply
3539982,rx_write,handle=1 slot=0 bytes=29 accepted=29 free_before=4166
3540004,tx_frame,handle=1 slot=0 bytes=956 slices=4 mtu=255 kind=reply
3541003,tx_subscribed,handle=1 value=0
3541003,disconnect,handle=1 slot=0 peer=74:41:80:71:fc:64 reason=531 registered=1
3541004,advertise_restart,advertising=1
3544993,connect,handle=1 slot=0 peer=74:41:80:71:fc:64 interval_units=24 timeout_ms=720 mtu=23
3545322,mtu,handle=1 value=255
3545862,tx_subscribed,handle=1 value=1
3545982,rx_write,handle=1 slot=0 bytes=6 accepted=6 free_before=4166
3545984,tx_frame,handle=1 slot=0 bytes=36 slices=1 mtu=255 kind=reply
3546073,rx_write,handle=1 slot=0 bytes=79 accepted=79 free_before=4166
3546075,tx_frame,handle=1 slot=0 bytes=17 slices=1 mtu=255 kind=reply
3546132,rx_write,handle=1 slot=0 bytes=6 accepted=6 free_before=4166
3546142,tx_frame,handle=1 slot=0 bytes=1640 slices=7 mtu=255 kind=reply
3546312,rx_write,handle=1 slot=0 bytes=6 accepted=6 free_before=4166
3546314,tx_frame,handle=1 slot=0 bytes=53 slices=1 mtu=255 kind=reply
3546372,rx_write,handle=1 slot=0 bytes=6 accepted=6 free_before=4166
3546378,tx_frame,handle=1 slot=0 bytes=588 slices=3 mtu=255 kind=reply
3546462,rx_write,handle=1 slot=0 bytes=6 accepted=6 free_before=4166
3546463,rx_write,handle=1 slot=0 bytes=24 accepted=24 free_before=4160
3546468,tx_frame,handle=1 slot=0 bytes=345 slices=2 mtu=255 kind=reply
3546471,tx_frame,handle=1 slot=0 bytes=308 slices=2 mtu=255 kind=reply
3546582,rx_write,handle=1 slot=0 bytes=18 accepted=18 free_before=4166
3546583,rx_write,handle=1 slot=0 bytes=24 accepted=24 free_before=4148
3546610,tx_frame,handle=1 slot=0 bytes=2022 slices=9 mtu=255 kind=reply
3546615,tx_frame,handle=1 slot=0 bytes=308 slices=2 mtu=255 kind=reply
3546702,rx_write,handle=1 slot=0 bytes=29 accepted=29 free_before=4166
3546730,tx_frame,handle=1 slot=0 bytes=2022 slices=9 mtu=255 kind=reply
3546822,rx_write,handle=1 slot=0 bytes=29 accepted=29 free_before=4166
3546846,tx_frame,handle=1 slot=0 bytes=956 slices=4 mtu=255 kind=reply
3547723,tx_subscribed,handle=1 value=0
3547723,disconnect,handle=1 slot=0 peer=74:41:80:71:fc:64 reason=531 registered=1
3547724,advertise_restart,advertising=1
3551773,connect,handle=1 slot=0 peer=74:41:80:71:fc:64 interval_units=24 timeout_ms=720 mtu=23
3552132,mtu,handle=1 value=255
3552732,tx_subscribed,handle=1 value=1
3552822,rx_write,handle=1 slot=0 bytes=6 accepted=6 free_before=4166
3552824,tx_frame,handle=1 slot=0 bytes=36 slices=1 mtu=255 kind=reply
3552883,rx_write,handle=1 slot=0 bytes=79 accepted=79 free_before=4166
3552885,tx_frame,handle=1 slot=0 bytes=17 slices=1 mtu=255 kind=reply
3552942,rx_write,handle=1 slot=0 bytes=6 accepted=6 free_before=4166
3552952,tx_frame,handle=1 slot=0 bytes=1640 slices=7 mtu=255 kind=reply
3553152,rx_write,handle=1 slot=0 bytes=6 accepted=6 free_before=4166
3553155,tx_frame,handle=1 slot=0 bytes=53 slices=1 mtu=255 kind=reply
3553212,rx_write,handle=1 slot=0 bytes=6 accepted=6 free_before=4166
3553217,tx_frame,handle=1 slot=0 bytes=588 slices=3 mtu=255 kind=reply
3553332,rx_write,handle=1 slot=0 bytes=6 accepted=6 free_before=4166
3553333,rx_write,handle=1 slot=0 bytes=24 accepted=24 free_before=4160
3553336,tx_frame,handle=1 slot=0 bytes=345 slices=2 mtu=255 kind=reply
3553339,tx_frame,handle=1 slot=0 bytes=308 slices=2 mtu=255 kind=reply
3553392,rx_write,handle=1 slot=0 bytes=18 accepted=18 free_before=4166
3553393,rx_write,handle=1 slot=0 bytes=24 accepted=24 free_before=4148
3553420,tx_frame,handle=1 slot=0 bytes=2022 slices=9 mtu=255 kind=reply
3553425,tx_frame,handle=1 slot=0 bytes=308 slices=2 mtu=255 kind=reply
3553514,rx_write,handle=1 slot=0 bytes=29 accepted=29 free_before=4166
3553541,tx_frame,handle=1 slot=0 bytes=2022 slices=9 mtu=255 kind=reply
3553633,rx_write,handle=1 slot=0 bytes=29 accepted=29 free_before=4166
3553655,tx_frame,handle=1 slot=0 bytes=956 slices=4 mtu=255 kind=reply
3554532,tx_subscribed,handle=1 value=0
3554563,disconnect,handle=1 slot=0 peer=74:41:80:71:fc:64 reason=531 registered=1
3554564,advertise_restart,advertising=1
3555733,connect,handle=1 slot=0 peer=74:41:80:71:fc:64 interval_units=24 timeout_ms=720 mtu=23
3556063,mtu,handle=1 value=255
3556602,tx_subscribed,handle=1 value=1
3556722,rx_write,handle=1 slot=0 bytes=6 accepted=6 free_before=4166
3556725,tx_frame,handle=1 slot=0 bytes=36 slices=1 mtu=255 kind=reply
3556783,rx_write,handle=1 slot=0 bytes=79 accepted=79 free_before=4166
3556785,tx_frame,handle=1 slot=0 bytes=17 slices=1 mtu=255 kind=reply
3556842,rx_write,handle=1 slot=0 bytes=6 accepted=6 free_before=4166
3556852,tx_frame,handle=1 slot=0 bytes=1641 slices=7 mtu=255 kind=reply
3557022,rx_write,handle=1 slot=0 bytes=6 accepted=6 free_before=4166
3557025,tx_frame,handle=1 slot=0 bytes=53 slices=1 mtu=255 kind=reply
3557082,rx_write,handle=1 slot=0 bytes=6 accepted=6 free_before=4166
3557087,tx_frame,handle=1 slot=0 bytes=588 slices=3 mtu=255 kind=reply
3557202,rx_write,handle=1 slot=0 bytes=6 accepted=6 free_before=4166
3557203,rx_write,handle=1 slot=0 bytes=24 accepted=24 free_before=4160
3557206,tx_frame,handle=1 slot=0 bytes=345 slices=2 mtu=255 kind=reply
3557209,tx_frame,handle=1 slot=0 bytes=308 slices=2 mtu=255 kind=reply
3557263,rx_write,handle=1 slot=0 bytes=18 accepted=18 free_before=4166
3557291,tx_frame,handle=1 slot=0 bytes=2022 slices=9 mtu=255 kind=reply
3557293,rx_write,handle=1 slot=0 bytes=24 accepted=24 free_before=4166
3557297,tx_frame,handle=1 slot=0 bytes=308 slices=2 mtu=255 kind=reply
3557383,rx_write,handle=1 slot=0 bytes=29 accepted=29 free_before=4166
3557410,tx_frame,handle=1 slot=0 bytes=2022 slices=9 mtu=255 kind=reply
3557503,rx_write,handle=1 slot=0 bytes=29 accepted=29 free_before=4166
3557525,tx_frame,handle=1 slot=0 bytes=956 slices=4 mtu=255 kind=reply
3558463,tx_subscribed,handle=1 value=0
3558463,disconnect,handle=1 slot=0 peer=74:41:80:71:fc:64 reason=531 registered=1
3558465,advertise_restart,advertising=1
3560713,connect,handle=1 slot=0 peer=74:41:80:71:fc:64 interval_units=24 timeout_ms=720 mtu=23
3561043,mtu,handle=1 value=255
3561643,tx_subscribed,handle=1 value=1
3561763,rx_write,handle=1 slot=0 bytes=6 accepted=6 free_before=4166
3561765,tx_frame,handle=1 slot=0 bytes=36 slices=1 mtu=255 kind=reply
3561823,rx_write,handle=1 slot=0 bytes=79 accepted=79 free_before=4166
3561825,tx_frame,handle=1 slot=0 bytes=17 slices=1 mtu=255 kind=reply
3561913,rx_write,handle=1 slot=0 bytes=6 accepted=6 free_before=4166
3561922,tx_frame,handle=1 slot=0 bytes=1641 slices=7 mtu=255 kind=reply
3562063,rx_write,handle=1 slot=0 bytes=6 accepted=6 free_before=4166
3562065,tx_frame,handle=1 slot=0 bytes=53 slices=1 mtu=255 kind=reply
3562123,rx_write,handle=1 slot=0 bytes=6 accepted=6 free_before=4166
3562127,tx_frame,handle=1 slot=0 bytes=588 slices=3 mtu=255 kind=reply
3562243,rx_write,handle=1 slot=0 bytes=6 accepted=6 free_before=4166
3562243,rx_write,handle=1 slot=0 bytes=24 accepted=24 free_before=4160
3562246,tx_frame,handle=1 slot=0 bytes=345 slices=2 mtu=255 kind=reply
3562249,tx_frame,handle=1 slot=0 bytes=308 slices=2 mtu=255 kind=reply
3562303,rx_write,handle=1 slot=0 bytes=18 accepted=18 free_before=4166
3562330,tx_frame,handle=1 slot=0 bytes=2022 slices=9 mtu=255 kind=reply
3562333,rx_write,handle=1 slot=0 bytes=24 accepted=24 free_before=4166
3562337,tx_frame,handle=1 slot=0 bytes=308 slices=2 mtu=255 kind=reply
3562453,rx_write,handle=1 slot=0 bytes=29 accepted=29 free_before=4166
3562480,tx_frame,handle=1 slot=0 bytes=2022 slices=9 mtu=255 kind=reply
3562573,rx_write,handle=1 slot=0 bytes=29 accepted=29 free_before=4166
3562595,tx_frame,handle=1 slot=0 bytes=956 slices=4 mtu=255 kind=reply
3563593,tx_subscribed,handle=1 value=0
3563594,disconnect,handle=1 slot=0 peer=74:41:80:71:fc:64 reason=531 registered=1
3563595,advertise_restart,advertising=1
3565693,connect,handle=1 slot=0 peer=74:41:80:71:fc:64 interval_units=24 timeout_ms=720 mtu=23
3566053,mtu,handle=1 value=255
3566623,tx_subscribed,handle=1 value=1
3566743,rx_write,handle=1 slot=0 bytes=6 accepted=6 free_before=4166
3566744,tx_frame,handle=1 slot=0 bytes=36 slices=1 mtu=255 kind=reply
3566803,rx_write,handle=1 slot=0 bytes=79 accepted=79 free_before=4166
3566805,tx_frame,handle=1 slot=0 bytes=17 slices=1 mtu=255 kind=reply
3566863,rx_write,handle=1 slot=0 bytes=6 accepted=6 free_before=4166
3566873,tx_frame,handle=1 slot=0 bytes=1641 slices=7 mtu=255 kind=reply
3567073,rx_write,handle=1 slot=0 bytes=6 accepted=6 free_before=4166
3567074,tx_frame,handle=1 slot=0 bytes=53 slices=1 mtu=255 kind=reply
3567133,rx_write,handle=1 slot=0 bytes=6 accepted=6 free_before=4166
3567138,tx_frame,handle=1 slot=0 bytes=588 slices=3 mtu=255 kind=reply
3567253,rx_write,handle=1 slot=0 bytes=6 accepted=6 free_before=4166
3567253,rx_write,handle=1 slot=0 bytes=24 accepted=24 free_before=4160
3567257,tx_frame,handle=1 slot=0 bytes=345 slices=2 mtu=255 kind=reply
3567260,tx_frame,handle=1 slot=0 bytes=308 slices=2 mtu=255 kind=reply
3567313,rx_write,handle=1 slot=0 bytes=18 accepted=18 free_before=4166
3567313,rx_write,handle=1 slot=0 bytes=24 accepted=24 free_before=4148
3567340,tx_frame,handle=1 slot=0 bytes=2022 slices=9 mtu=255 kind=reply
3567345,tx_frame,handle=1 slot=0 bytes=308 slices=2 mtu=255 kind=reply
3567433,rx_write,handle=1 slot=0 bytes=29 accepted=29 free_before=4166
3567460,tx_frame,handle=1 slot=0 bytes=2022 slices=9 mtu=255 kind=reply
3567583,rx_write,handle=1 slot=0 bytes=29 accepted=29 free_before=4166
3567605,tx_frame,handle=1 slot=0 bytes=956 slices=4 mtu=255 kind=reply
3568483,tx_subscribed,handle=1 value=0
3568484,disconnect,handle=1 slot=0 peer=74:41:80:71:fc:64 reason=531 registered=1
3568485,advertise_restart,advertising=1
3569413,connect,handle=1 slot=0 peer=74:41:80:71:fc:64 interval_units=24 timeout_ms=720 mtu=23
3569743,mtu,handle=1 value=255
3570313,tx_subscribed,handle=1 value=1
3570433,rx_write,handle=1 slot=0 bytes=6 accepted=6 free_before=4166
3570434,tx_frame,handle=1 slot=0 bytes=36 slices=1 mtu=255 kind=reply
3570463,rx_write,handle=1 slot=0 bytes=79 accepted=79 free_before=4166
3570465,tx_frame,handle=1 slot=0 bytes=17 slices=1 mtu=255 kind=reply
3570523,rx_write,handle=1 slot=0 bytes=6 accepted=6 free_before=4166
3570532,tx_frame,handle=1 slot=0 bytes=1641 slices=7 mtu=255 kind=reply
3570733,rx_write,handle=1 slot=0 bytes=6 accepted=6 free_before=4166
3570735,tx_frame,handle=1 slot=0 bytes=53 slices=1 mtu=255 kind=reply
3570823,rx_write,handle=1 slot=0 bytes=6 accepted=6 free_before=4166
3570828,tx_frame,handle=1 slot=0 bytes=588 slices=3 mtu=255 kind=reply
3570973,rx_write,handle=1 slot=0 bytes=6 accepted=6 free_before=4166
3570973,rx_write,handle=1 slot=0 bytes=24 accepted=24 free_before=4160
3570977,tx_frame,handle=1 slot=0 bytes=345 slices=2 mtu=255 kind=reply
3570980,tx_frame,handle=1 slot=0 bytes=308 slices=2 mtu=255 kind=reply
3571033,rx_write,handle=1 slot=0 bytes=18 accepted=18 free_before=4166
3571060,tx_frame,handle=1 slot=0 bytes=2022 slices=9 mtu=255 kind=reply
3571063,rx_write,handle=1 slot=0 bytes=24 accepted=24 free_before=4166
3571067,tx_frame,handle=1 slot=0 bytes=308 slices=2 mtu=255 kind=reply
3571213,rx_write,handle=1 slot=0 bytes=29 accepted=29 free_before=4166
3571240,tx_frame,handle=1 slot=0 bytes=2022 slices=9 mtu=255 kind=reply
3571393,rx_write,handle=1 slot=0 bytes=29 accepted=29 free_before=4166
3571416,tx_frame,handle=1 slot=0 bytes=956 slices=4 mtu=255 kind=reply
3572292,tx_subscribed,handle=1 value=0
3572294,disconnect,handle=1 slot=0 peer=74:41:80:71:fc:64 reason=531 registered=1
3572295,advertise_restart,advertising=1
3573613,connect,handle=1 slot=0 peer=74:41:80:71:fc:64 interval_units=24 timeout_ms=720 mtu=23
3573943,mtu,handle=1 value=255
3574543,tx_subscribed,handle=1 value=1
3574663,rx_write,handle=1 slot=0 bytes=6 accepted=6 free_before=4166
3574664,tx_frame,handle=1 slot=0 bytes=36 slices=1 mtu=255 kind=reply
3574723,rx_write,handle=1 slot=0 bytes=79 accepted=79 free_before=4166
3574725,tx_frame,handle=1 slot=0 bytes=17 slices=1 mtu=255 kind=reply
3574783,rx_write,handle=1 slot=0 bytes=6 accepted=6 free_before=4166
3574793,tx_frame,handle=1 slot=0 bytes=1641 slices=7 mtu=255 kind=reply
3574963,rx_write,handle=1 slot=0 bytes=6 accepted=6 free_before=4166
3574964,tx_frame,handle=1 slot=0 bytes=53 slices=1 mtu=255 kind=reply
3575023,rx_write,handle=1 slot=0 bytes=6 accepted=6 free_before=4166
3575028,tx_frame,handle=1 slot=0 bytes=588 slices=3 mtu=255 kind=reply
3575142,rx_write,handle=1 slot=0 bytes=6 accepted=6 free_before=4166
3575143,rx_write,handle=1 slot=0 bytes=24 accepted=24 free_before=4160
3575147,tx_frame,handle=1 slot=0 bytes=345 slices=2 mtu=255 kind=reply
3575150,tx_frame,handle=1 slot=0 bytes=308 slices=2 mtu=255 kind=reply
3575203,rx_write,handle=1 slot=0 bytes=18 accepted=18 free_before=4166
3575230,tx_frame,handle=1 slot=0 bytes=2022 slices=9 mtu=255 kind=reply
3575233,rx_write,handle=1 slot=0 bytes=24 accepted=24 free_before=4166
3575238,tx_frame,handle=1 slot=0 bytes=308 slices=2 mtu=255 kind=reply
3575353,rx_write,handle=1 slot=0 bytes=29 accepted=29 free_before=4166
3575380,tx_frame,handle=1 slot=0 bytes=2022 slices=9 mtu=255 kind=reply
3575473,rx_write,handle=1 slot=0 bytes=29 accepted=29 free_before=4166
3575495,tx_frame,handle=1 slot=0 bytes=956 slices=4 mtu=255 kind=reply
3576433,tx_subscribed,handle=1 value=0
3576434,disconnect,handle=1 slot=0 peer=74:41:80:71:fc:64 reason=531 registered=1
3576435,advertise_restart,advertising=1
3577723,connect,handle=1 slot=0 peer=74:41:80:71:fc:64 interval_units=24 timeout_ms=720 mtu=23
3578053,mtu,handle=1 value=255
3578713,tx_subscribed,handle=1 value=1
3578833,rx_write,handle=1 slot=0 bytes=6 accepted=6 free_before=4166
3578835,tx_frame,handle=1 slot=0 bytes=36 slices=1 mtu=255 kind=reply
3578893,rx_write,handle=1 slot=0 bytes=79 accepted=79 free_before=4166
3578895,tx_frame,handle=1 slot=0 bytes=17 slices=1 mtu=255 kind=reply
3579013,rx_write,handle=1 slot=0 bytes=6 accepted=6 free_before=4166
3579022,tx_frame,handle=1 slot=0 bytes=1641 slices=7 mtu=255 kind=reply
3579223,rx_write,handle=1 slot=0 bytes=6 accepted=6 free_before=4166
3579225,tx_frame,handle=1 slot=0 bytes=53 slices=1 mtu=255 kind=reply
3579283,rx_write,handle=1 slot=0 bytes=6 accepted=6 free_before=4166
3579287,tx_frame,handle=1 slot=0 bytes=588 slices=3 mtu=255 kind=reply
3579493,rx_write,handle=1 slot=0 bytes=6 accepted=6 free_before=4166
3579493,rx_write,handle=1 slot=0 bytes=24 accepted=24 free_before=4160
3579497,tx_frame,handle=1 slot=0 bytes=345 slices=2 mtu=255 kind=reply
3579500,tx_frame,handle=1 slot=0 bytes=308 slices=2 mtu=255 kind=reply
3579583,rx_write,handle=1 slot=0 bytes=18 accepted=18 free_before=4166
3579583,rx_write,handle=1 slot=0 bytes=24 accepted=24 free_before=4148
3579611,tx_frame,handle=1 slot=0 bytes=2022 slices=9 mtu=255 kind=reply
3579646,tx_frame,handle=1 slot=0 bytes=308 slices=2 mtu=255 kind=reply
3579733,rx_write,handle=1 slot=0 bytes=29 accepted=29 free_before=4166
3579760,tx_frame,handle=1 slot=0 bytes=2022 slices=9 mtu=255 kind=reply
3579853,rx_write,handle=1 slot=0 bytes=29 accepted=29 free_before=4166
3579876,tx_frame,handle=1 slot=0 bytes=956 slices=4 mtu=255 kind=reply
3580633,tx_subscribed,handle=1 value=0
3580633,disconnect,handle=1 slot=0 peer=74:41:80:71:fc:64 reason=531 registered=1
3580635,advertise_restart,advertising=1
3582343,connect,handle=1 slot=0 peer=74:41:80:71:fc:64 interval_units=24 timeout_ms=720 mtu=23
3582673,mtu,handle=1 value=255
3583273,tx_subscribed,handle=1 value=1
3583423,rx_write,handle=1 slot=0 bytes=6 accepted=6 free_before=4166
3583424,tx_frame,handle=1 slot=0 bytes=36 slices=1 mtu=255 kind=reply
3583483,rx_write,handle=1 slot=0 bytes=79 accepted=79 free_before=4166
3583485,tx_frame,handle=1 slot=0 bytes=17 slices=1 mtu=255 kind=reply
3583543,rx_write,handle=1 slot=0 bytes=6 accepted=6 free_before=4166
3583552,tx_frame,handle=1 slot=0 bytes=1641 slices=7 mtu=255 kind=reply
3583723,rx_write,handle=1 slot=0 bytes=6 accepted=6 free_before=4166
3583725,tx_frame,handle=1 slot=0 bytes=53 slices=1 mtu=255 kind=reply
3583783,rx_write,handle=1 slot=0 bytes=6 accepted=6 free_before=4166
3583787,tx_frame,handle=1 slot=0 bytes=588 slices=3 mtu=255 kind=reply
3583903,rx_write,handle=1 slot=0 bytes=6 accepted=6 free_before=4166
3583903,rx_write,handle=1 slot=0 bytes=24 accepted=24 free_before=4160
3583907,tx_frame,handle=1 slot=0 bytes=345 slices=2 mtu=255 kind=reply
3583910,tx_frame,handle=1 slot=0 bytes=308 slices=2 mtu=255 kind=reply
3583963,rx_write,handle=1 slot=0 bytes=18 accepted=18 free_before=4166
3583990,tx_frame,handle=1 slot=0 bytes=2022 slices=9 mtu=255 kind=reply
3583993,rx_write,handle=1 slot=0 bytes=24 accepted=24 free_before=4166
3583998,tx_frame,handle=1 slot=0 bytes=308 slices=2 mtu=255 kind=reply
3584083,rx_write,handle=1 slot=0 bytes=29 accepted=29 free_before=4166
3584110,tx_frame,handle=1 slot=0 bytes=2022 slices=9 mtu=255 kind=reply
3584203,rx_write,handle=1 slot=0 bytes=29 accepted=29 free_before=4166
3584226,tx_frame,handle=1 slot=0 bytes=956 slices=4 mtu=255 kind=reply
3585193,tx_subscribed,handle=1 value=0
3585193,disconnect,handle=1 slot=0 peer=74:41:80:71:fc:64 reason=531 registered=1
3585194,advertise_restart,advertising=1
3588223,connect,handle=1 slot=0 peer=74:41:80:71:fc:64 interval_units=24 timeout_ms=720 mtu=23
3588553,mtu,handle=1 value=255
3589243,tx_subscribed,handle=1 value=1
3589363,rx_write,handle=1 slot=0 bytes=6 accepted=6 free_before=4166
3589365,tx_frame,handle=1 slot=0 bytes=36 slices=1 mtu=255 kind=reply
3589423,rx_write,handle=1 slot=0 bytes=79 accepted=79 free_before=4166
3589425,tx_frame,handle=1 slot=0 bytes=17 slices=1 mtu=255 kind=reply
3589483,rx_write,handle=1 slot=0 bytes=6 accepted=6 free_before=4166
3589492,tx_frame,handle=1 slot=0 bytes=1641 slices=7 mtu=255 kind=reply
3589633,rx_write,handle=1 slot=0 bytes=6 accepted=6 free_before=4166
3589635,tx_frame,handle=1 slot=0 bytes=53 slices=1 mtu=255 kind=reply
3589693,rx_write,handle=1 slot=0 bytes=6 accepted=6 free_before=4166
3589697,tx_frame,handle=1 slot=0 bytes=588 slices=3 mtu=255 kind=reply
3589783,rx_write,handle=1 slot=0 bytes=6 accepted=6 free_before=4166
3589783,rx_write,handle=1 slot=0 bytes=24 accepted=24 free_before=4160
3589786,tx_frame,handle=1 slot=0 bytes=345 slices=2 mtu=255 kind=reply
3589789,tx_frame,handle=1 slot=0 bytes=308 slices=2 mtu=255 kind=reply
3589843,rx_write,handle=1 slot=0 bytes=18 accepted=18 free_before=4166
3589870,tx_frame,handle=1 slot=0 bytes=2022 slices=9 mtu=255 kind=reply
3589873,rx_write,handle=1 slot=0 bytes=24 accepted=24 free_before=4166
3589878,tx_frame,handle=1 slot=0 bytes=308 slices=2 mtu=255 kind=reply
3589993,rx_write,handle=1 slot=0 bytes=29 accepted=29 free_before=4166
3590020,tx_frame,handle=1 slot=0 bytes=2022 slices=9 mtu=255 kind=reply
3590113,rx_write,handle=1 slot=0 bytes=29 accepted=29 free_before=4166
3590135,tx_frame,handle=1 slot=0 bytes=956 slices=4 mtu=255 kind=reply
3591223,tx_subscribed,handle=1 value=0
3591224,disconnect,handle=1 slot=0 peer=74:41:80:71:fc:64 reason=531 registered=1
3591224,advertise_restart,advertising=1
3592393,connect,handle=1 slot=0 peer=74:41:80:71:fc:64 interval_units=24 timeout_ms=720 mtu=23
3592723,mtu,handle=1 value=255
3593323,tx_subscribed,handle=1 value=1
3593443,rx_write,handle=1 slot=0 bytes=6 accepted=6 free_before=4166
3593445,tx_frame,handle=1 slot=0 bytes=36 slices=1 mtu=255 kind=reply
3593503,rx_write,handle=1 slot=0 bytes=79 accepted=79 free_before=4166
3593505,tx_frame,handle=1 slot=0 bytes=17 slices=1 mtu=255 kind=reply
3593563,rx_write,handle=1 slot=0 bytes=6 accepted=6 free_before=4166
3593573,tx_frame,handle=1 slot=0 bytes=1641 slices=7 mtu=255 kind=reply
3593743,rx_write,handle=1 slot=0 bytes=6 accepted=6 free_before=4166
3593744,tx_frame,handle=1 slot=0 bytes=53 slices=1 mtu=255 kind=reply
3593803,rx_write,handle=1 slot=0 bytes=6 accepted=6 free_before=4166
3593808,tx_frame,handle=1 slot=0 bytes=588 slices=3 mtu=255 kind=reply
3593923,rx_write,handle=1 slot=0 bytes=6 accepted=6 free_before=4166
3593923,rx_write,handle=1 slot=0 bytes=24 accepted=24 free_before=4160
3593927,tx_frame,handle=1 slot=0 bytes=345 slices=2 mtu=255 kind=reply
3593930,tx_frame,handle=1 slot=0 bytes=308 slices=2 mtu=255 kind=reply
3593983,rx_write,handle=1 slot=0 bytes=18 accepted=18 free_before=4166
3594010,tx_frame,handle=1 slot=0 bytes=2022 slices=9 mtu=255 kind=reply
3594013,rx_write,handle=1 slot=0 bytes=24 accepted=24 free_before=4166
3594017,tx_frame,handle=1 slot=0 bytes=308 slices=2 mtu=255 kind=reply
3594103,rx_write,handle=1 slot=0 bytes=29 accepted=29 free_before=4166
3594130,tx_frame,handle=1 slot=0 bytes=2022 slices=9 mtu=255 kind=reply
3594223,rx_write,handle=1 slot=0 bytes=29 accepted=29 free_before=4166
3594245,tx_frame,handle=1 slot=0 bytes=956 slices=4 mtu=255 kind=reply
3595183,tx_subscribed,handle=1 value=0
3595184,disconnect,handle=1 slot=0 peer=74:41:80:71:fc:64 reason=531 registered=1
3595185,advertise_restart,advertising=1
3596413,connect,handle=1 slot=0 peer=74:41:80:71:fc:64 interval_units=24 timeout_ms=720 mtu=23
3596743,mtu,handle=1 value=255
3597343,tx_subscribed,handle=1 value=1
3597463,rx_write,handle=1 slot=0 bytes=6 accepted=6 free_before=4166
3597465,tx_frame,handle=1 slot=0 bytes=36 slices=1 mtu=255 kind=reply
3597553,rx_write,handle=1 slot=0 bytes=79 accepted=79 free_before=4166
3597555,tx_frame,handle=1 slot=0 bytes=17 slices=1 mtu=255 kind=reply
3597613,rx_write,handle=1 slot=0 bytes=6 accepted=6 free_before=4166
3597623,tx_frame,handle=1 slot=0 bytes=1641 slices=7 mtu=255 kind=reply
3597763,rx_write,handle=1 slot=0 bytes=6 accepted=6 free_before=4166
3597765,tx_frame,handle=1 slot=0 bytes=53 slices=1 mtu=255 kind=reply
3597823,rx_write,handle=1 slot=0 bytes=6 accepted=6 free_before=4166
3597828,tx_frame,handle=1 slot=0 bytes=588 slices=3 mtu=255 kind=reply
3597913,rx_write,handle=1 slot=0 bytes=6 accepted=6 free_before=4166
3597913,rx_write,handle=1 slot=0 bytes=24 accepted=24 free_before=4160
3597917,tx_frame,handle=1 slot=0 bytes=345 slices=2 mtu=255 kind=reply
3597920,tx_frame,handle=1 slot=0 bytes=308 slices=2 mtu=255 kind=reply
3597973,rx_write,handle=1 slot=0 bytes=18 accepted=18 free_before=4166
3598000,tx_frame,handle=1 slot=0 bytes=2022 slices=9 mtu=255 kind=reply
3598003,rx_write,handle=1 slot=0 bytes=24 accepted=24 free_before=4166
3598007,tx_frame,handle=1 slot=0 bytes=308 slices=2 mtu=255 kind=reply
3598093,rx_write,handle=1 slot=0 bytes=29 accepted=29 free_before=4166
3598120,tx_frame,handle=1 slot=0 bytes=2022 slices=9 mtu=255 kind=reply
3598213,rx_write,handle=1 slot=0 bytes=29 accepted=29 free_before=4166
3598235,tx_frame,handle=1 slot=0 bytes=956 slices=4 mtu=255 kind=reply
3599383,tx_subscribed,handle=1 value=0
3599414,disconnect,handle=1 slot=0 peer=74:41:80:71:fc:64 reason=531 registered=1
3599415,advertise_restart,advertising=1
3603553,connect,handle=1 slot=0 peer=74:41:80:71:fc:64 interval_units=24 timeout_ms=720 mtu=23
3603883,mtu,handle=1 value=255
3604483,tx_subscribed,handle=1 value=1
3604603,rx_write,handle=1 slot=0 bytes=6 accepted=6 free_before=4166
3604605,tx_frame,handle=1 slot=0 bytes=36 slices=1 mtu=255 kind=reply
3604663,rx_write,handle=1 slot=0 bytes=79 accepted=79 free_before=4166
3604666,tx_frame,handle=1 slot=0 bytes=17 slices=1 mtu=255 kind=reply
3604753,rx_write,handle=1 slot=0 bytes=6 accepted=6 free_before=4166
3604763,tx_frame,handle=1 slot=0 bytes=1641 slices=7 mtu=255 kind=reply
3604933,rx_write,handle=1 slot=0 bytes=6 accepted=6 free_before=4166
3604935,tx_frame,handle=1 slot=0 bytes=53 slices=1 mtu=255 kind=reply
3605023,rx_write,handle=1 slot=0 bytes=6 accepted=6 free_before=4166
3605028,tx_frame,handle=1 slot=0 bytes=588 slices=3 mtu=255 kind=reply
3605143,rx_write,handle=1 slot=0 bytes=6 accepted=6 free_before=4166
3605143,rx_write,handle=1 slot=0 bytes=24 accepted=24 free_before=4160
3605148,tx_frame,handle=1 slot=0 bytes=345 slices=2 mtu=255 kind=reply
3605151,tx_frame,handle=1 slot=0 bytes=308 slices=2 mtu=255 kind=reply
3605203,rx_write,handle=1 slot=0 bytes=18 accepted=18 free_before=4166
3605204,rx_write,handle=1 slot=0 bytes=24 accepted=24 free_before=4148
3605230,tx_frame,handle=1 slot=0 bytes=2022 slices=9 mtu=255 kind=reply
3605237,tx_frame,handle=1 slot=0 bytes=308 slices=2 mtu=255 kind=reply
3605323,rx_write,handle=1 slot=0 bytes=29 accepted=29 free_before=4166
3605351,tx_frame,handle=1 slot=0 bytes=2022 slices=9 mtu=255 kind=reply
3605443,rx_write,handle=1 slot=0 bytes=29 accepted=29 free_before=4166
3605465,tx_frame,handle=1 slot=0 bytes=956 slices=4 mtu=255 kind=reply
3606674,tx_subscribed,handle=1 value=0
3606674,disconnect,handle=1 slot=0 peer=74:41:80:71:fc:64 reason=531 registered=1
3606675,advertise_restart,advertising=1
3608773,connect,handle=1 slot=0 peer=74:41:80:71:fc:64 interval_units=24 timeout_ms=720 mtu=23
3609103,mtu,handle=1 value=255
3609793,tx_subscribed,handle=1 value=1
3609943,rx_write,handle=1 slot=0 bytes=6 accepted=6 free_before=4166
3609945,tx_frame,handle=1 slot=0 bytes=36 slices=1 mtu=255 kind=reply
3610003,rx_write,handle=1 slot=0 bytes=79 accepted=79 free_before=4166
3610008,tx_frame,handle=1 slot=0 bytes=17 slices=1 mtu=255 kind=reply
3610063,rx_write,handle=1 slot=0 bytes=6 accepted=6 free_before=4166
3610073,tx_frame,handle=1 slot=0 bytes=1641 slices=7 mtu=255 kind=reply
3610213,rx_write,handle=1 slot=0 bytes=6 accepted=6 free_before=4166
3610216,tx_frame,handle=1 slot=0 bytes=53 slices=1 mtu=255 kind=reply
3610273,rx_write,handle=1 slot=0 bytes=6 accepted=6 free_before=4166
3610278,tx_frame,handle=1 slot=0 bytes=588 slices=3 mtu=255 kind=reply
3610363,rx_write,handle=1 slot=0 bytes=6 accepted=6 free_before=4166
3610364,rx_write,handle=1 slot=0 bytes=24 accepted=24 free_before=4160
3610367,tx_frame,handle=1 slot=0 bytes=345 slices=2 mtu=255 kind=reply
3610370,tx_frame,handle=1 slot=0 bytes=308 slices=2 mtu=255 kind=reply
3610423,rx_write,handle=1 slot=0 bytes=18 accepted=18 free_before=4166
3610450,tx_frame,handle=1 slot=0 bytes=2022 slices=9 mtu=255 kind=reply
3610453,rx_write,handle=1 slot=0 bytes=24 accepted=24 free_before=4166
3610457,tx_frame,handle=1 slot=0 bytes=308 slices=2 mtu=255 kind=reply
3610543,rx_write,handle=1 slot=0 bytes=29 accepted=29 free_before=4166
3610570,tx_frame,handle=1 slot=0 bytes=2022 slices=9 mtu=255 kind=reply
3610693,rx_write,handle=1 slot=0 bytes=29 accepted=29 free_before=4166
3610715,tx_frame,handle=1 slot=0 bytes=956 slices=4 mtu=255 kind=reply
3611953,tx_subscribed,handle=1 value=0
3611954,disconnect,handle=1 slot=0 peer=74:41:80:71:fc:64 reason=531 registered=1
3611956,advertise_restart,advertising=1
3614023,connect,handle=1 slot=0 peer=74:41:80:71:fc:64 interval_units=24 timeout_ms=720 mtu=23
3614383,mtu,handle=1 value=255
3614983,tx_subscribed,handle=1 value=1
3615073,rx_write,handle=1 slot=0 bytes=6 accepted=6 free_before=4166
3615077,tx_frame,handle=1 slot=0 bytes=36 slices=1 mtu=255 kind=reply
3615133,rx_write,handle=1 slot=0 bytes=79 accepted=79 free_before=4166
3615138,tx_frame,handle=1 slot=0 bytes=17 slices=1 mtu=255 kind=reply
3615193,rx_write,handle=1 slot=0 bytes=6 accepted=6 free_before=4166
3615203,tx_frame,handle=1 slot=0 bytes=1640 slices=7 mtu=255 kind=reply
3615373,rx_write,handle=1 slot=0 bytes=6 accepted=6 free_before=4166
3615375,tx_frame,handle=1 slot=0 bytes=53 slices=1 mtu=255 kind=reply
3615433,rx_write,handle=1 slot=0 bytes=6 accepted=6 free_before=4166
3615438,tx_frame,handle=1 slot=0 bytes=588 slices=3 mtu=255 kind=reply
3615553,rx_write,handle=1 slot=0 bytes=6 accepted=6 free_before=4166
3615553,rx_write,handle=1 slot=0 bytes=24 accepted=24 free_before=4160
3615558,tx_frame,handle=1 slot=0 bytes=345 slices=2 mtu=255 kind=reply
3615561,tx_frame,handle=1 slot=0 bytes=308 slices=2 mtu=255 kind=reply
3615613,rx_write,handle=1 slot=0 bytes=18 accepted=18 free_before=4166
3615640,tx_frame,handle=1 slot=0 bytes=2022 slices=9 mtu=255 kind=reply
3615673,rx_write,handle=1 slot=0 bytes=24 accepted=24 free_before=4166
3615677,tx_frame,handle=1 slot=0 bytes=308 slices=2 mtu=255 kind=reply
3615823,rx_write,handle=1 slot=0 bytes=29 accepted=29 free_before=4166
3615850,tx_frame,handle=1 slot=0 bytes=2022 slices=9 mtu=255 kind=reply
3615973,rx_write,handle=1 slot=0 bytes=29 accepted=29 free_before=4166
3615995,tx_frame,handle=1 slot=0 bytes=956 slices=4 mtu=255 kind=reply
3617083,tx_subscribed,handle=1 value=0
3617084,disconnect,handle=1 slot=0 peer=74:41:80:71:fc:64 reason=531 registered=1
3617085,advertise_restart,advertising=1
3618013,connect,handle=1 slot=0 peer=74:41:80:71:fc:64 interval_units=24 timeout_ms=720 mtu=23
3618343,mtu,handle=1 value=255
3618973,tx_subscribed,handle=1 value=1
3619063,rx_write,handle=1 slot=0 bytes=6 accepted=6 free_before=4166
3619065,tx_frame,handle=1 slot=0 bytes=36 slices=1 mtu=255 kind=reply
3619123,rx_write,handle=1 slot=0 bytes=79 accepted=79 free_before=4166
3619127,tx_frame,handle=1 slot=0 bytes=17 slices=1 mtu=255 kind=reply
3619183,rx_write,handle=1 slot=0 bytes=6 accepted=6 free_before=4166
3619193,tx_frame,handle=1 slot=0 bytes=1641 slices=7 mtu=255 kind=reply
3619393,rx_write,handle=1 slot=0 bytes=6 accepted=6 free_before=4166
3619395,tx_frame,handle=1 slot=0 bytes=53 slices=1 mtu=255 kind=reply
3619453,rx_write,handle=1 slot=0 bytes=6 accepted=6 free_before=4166
3619458,tx_frame,handle=1 slot=0 bytes=588 slices=3 mtu=255 kind=reply
3619543,rx_write,handle=1 slot=0 bytes=6 accepted=6 free_before=4166
3619543,rx_write,handle=1 slot=0 bytes=24 accepted=24 free_before=4160
3619548,tx_frame,handle=1 slot=0 bytes=345 slices=2 mtu=255 kind=reply
3619551,tx_frame,handle=1 slot=0 bytes=308 slices=2 mtu=255 kind=reply
3619603,rx_write,handle=1 slot=0 bytes=18 accepted=18 free_before=4166
3619630,tx_frame,handle=1 slot=0 bytes=2022 slices=9 mtu=255 kind=reply
3619633,rx_write,handle=1 slot=0 bytes=24 accepted=24 free_before=4166
3619638,tx_frame,handle=1 slot=0 bytes=308 slices=2 mtu=255 kind=reply
3619753,rx_write,handle=1 slot=0 bytes=29 accepted=29 free_before=4166
3619781,tx_frame,handle=1 slot=0 bytes=2022 slices=9 mtu=255 kind=reply
3619873,rx_write,handle=1 slot=0 bytes=29 accepted=29 free_before=4166
3619895,tx_frame,handle=1 slot=0 bytes=956 slices=4 mtu=255 kind=reply
3620954,tx_subscribed,handle=1 value=0
3620954,disconnect,handle=1 slot=0 peer=74:41:80:71:fc:64 reason=531 registered=1
3620955,advertise_restart,advertising=1
3622003,connect,handle=1 slot=0 peer=74:41:80:71:fc:64 interval_units=24 timeout_ms=720 mtu=23
3622333,mtu,handle=1 value=255
3622873,tx_subscribed,handle=1 value=1
3622993,rx_write,handle=1 slot=0 bytes=6 accepted=6 free_before=4166
3622995,tx_frame,handle=1 slot=0 bytes=36 slices=1 mtu=255 kind=reply
3623053,rx_write,handle=1 slot=0 bytes=79 accepted=79 free_before=4166
3623055,tx_frame,handle=1 slot=0 bytes=17 slices=1 mtu=255 kind=reply
3623113,rx_write,handle=1 slot=0 bytes=6 accepted=6 free_before=4166
3623123,tx_frame,handle=1 slot=0 bytes=1641 slices=7 mtu=255 kind=reply
3623293,rx_write,handle=1 slot=0 bytes=6 accepted=6 free_before=4166
3623295,tx_frame,handle=1 slot=0 bytes=53 slices=1 mtu=255 kind=reply
3623383,rx_write,handle=1 slot=0 bytes=6 accepted=6 free_before=4166
3623388,tx_frame,handle=1 slot=0 bytes=588 slices=3 mtu=255 kind=reply
3623503,rx_write,handle=1 slot=0 bytes=6 accepted=6 free_before=4166
3623504,rx_write,handle=1 slot=0 bytes=24 accepted=24 free_before=4160
3623508,tx_frame,handle=1 slot=0 bytes=345 slices=2 mtu=255 kind=reply
3623511,tx_frame,handle=1 slot=0 bytes=308 slices=2 mtu=255 kind=reply
3623563,rx_write,handle=1 slot=0 bytes=18 accepted=18 free_before=4166
3623564,rx_write,handle=1 slot=0 bytes=24 accepted=24 free_before=4148
3623591,tx_frame,handle=1 slot=0 bytes=2022 slices=9 mtu=255 kind=reply
3623596,tx_frame,handle=1 slot=0 bytes=308 slices=2 mtu=255 kind=reply
3623683,rx_write,handle=1 slot=0 bytes=29 accepted=29 free_before=4166
3623711,tx_frame,handle=1 slot=0 bytes=2022 slices=9 mtu=255 kind=reply
3623803,rx_write,handle=1 slot=0 bytes=29 accepted=29 free_before=4166
3623827,tx_frame,handle=1 slot=0 bytes=956 slices=4 mtu=255 kind=reply
3624854,tx_subscribed,handle=1 value=0
3624854,disconnect,handle=1 slot=0 peer=74:41:80:71:fc:64 reason=531 registered=1
3624855,advertise_restart,advertising=1
3626414,connect,handle=1 slot=0 peer=74:41:80:71:fc:64 interval_units=24 timeout_ms=720 mtu=23
3626743,mtu,handle=1 value=255
3627283,tx_subscribed,handle=1 value=1
3627403,rx_write,handle=1 slot=0 bytes=6 accepted=6 free_before=4166
3627405,tx_frame,handle=1 slot=0 bytes=36 slices=1 mtu=255 kind=reply
3627463,rx_write,handle=1 slot=0 bytes=79 accepted=79 free_before=4166
3627466,tx_frame,handle=1 slot=0 bytes=17 slices=1 mtu=255 kind=reply
3627553,rx_write,handle=1 slot=0 bytes=6 accepted=6 free_before=4166
3627563,tx_frame,handle=1 slot=0 bytes=1641 slices=7 mtu=255 kind=reply
3627733,rx_write,handle=1 slot=0 bytes=6 accepted=6 free_before=4166
3627737,tx_frame,handle=1 slot=0 bytes=53 slices=1 mtu=255 kind=reply
3627793,rx_write,handle=1 slot=0 bytes=6 accepted=6 free_before=4166
3627799,tx_frame,handle=1 slot=0 bytes=588 slices=3 mtu=255 kind=reply
3627883,rx_write,handle=1 slot=0 bytes=6 accepted=6 free_before=4166
3627884,rx_write,handle=1 slot=0 bytes=24 accepted=24 free_before=4160
3627889,tx_frame,handle=1 slot=0 bytes=345 slices=2 mtu=255 kind=reply
3627892,tx_frame,handle=1 slot=0 bytes=308 slices=2 mtu=255 kind=reply
3627973,rx_write,handle=1 slot=0 bytes=18 accepted=18 free_before=4166
3627974,rx_write,handle=1 slot=0 bytes=24 accepted=24 free_before=4148
3628001,tx_frame,handle=1 slot=0 bytes=2022 slices=9 mtu=255 kind=reply
3628006,tx_frame,handle=1 slot=0 bytes=308 slices=2 mtu=255 kind=reply
3628123,rx_write,handle=1 slot=0 bytes=29 accepted=29 free_before=4166
3628152,tx_frame,handle=1 slot=0 bytes=2022 slices=9 mtu=255 kind=reply
3628243,rx_write,handle=1 slot=0 bytes=29 accepted=29 free_before=4166
3628265,tx_frame,handle=1 slot=0 bytes=956 slices=4 mtu=255 kind=reply
3629114,tx_subscribed,handle=1 value=0
3629114,disconnect,handle=1 slot=0 peer=74:41:80:71:fc:64 reason=531 registered=1
3629115,advertise_restart,advertising=1
3630404,connect,handle=1 slot=0 peer=74:41:80:71:fc:64 interval_units=24 timeout_ms=720 mtu=23
3630733,mtu,handle=1 value=255
3631333,tx_subscribed,handle=1 value=1
3631453,rx_write,handle=1 slot=0 bytes=6 accepted=6 free_before=4166
3631456,tx_frame,handle=1 slot=0 bytes=36 slices=1 mtu=255 kind=reply
3631514,rx_write,handle=1 slot=0 bytes=79 accepted=79 free_before=4166
3631516,tx_frame,handle=1 slot=0 bytes=17 slices=1 mtu=255 kind=reply
3631603,rx_write,handle=1 slot=0 bytes=6 accepted=6 free_before=4166
3631613,tx_frame,handle=1 slot=0 bytes=1640 slices=7 mtu=255 kind=reply
3631753,rx_write,handle=1 slot=0 bytes=6 accepted=6 free_before=4166
3631755,tx_frame,handle=1 slot=0 bytes=53 slices=1 mtu=255 kind=reply
3631813,rx_write,handle=1 slot=0 bytes=6 accepted=6 free_before=4166
3631819,tx_frame,handle=1 slot=0 bytes=588 slices=3 mtu=255 kind=reply
3631903,rx_write,handle=1 slot=0 bytes=6 accepted=6 free_before=4166
3631904,rx_write,handle=1 slot=0 bytes=24 accepted=24 free_before=4160
3631908,tx_frame,handle=1 slot=0 bytes=345 slices=2 mtu=255 kind=reply
3631911,tx_frame,handle=1 slot=0 bytes=308 slices=2 mtu=255 kind=reply
3631963,rx_write,handle=1 slot=0 bytes=18 accepted=18 free_before=4166
3631991,tx_frame,handle=1 slot=0 bytes=2022 slices=9 mtu=255 kind=reply
3631993,rx_write,handle=1 slot=0 bytes=24 accepted=24 free_before=4166
3631999,tx_frame,handle=1 slot=0 bytes=308 slices=2 mtu=255 kind=reply
3632083,rx_write,handle=1 slot=0 bytes=29 accepted=29 free_before=4166
3632112,tx_frame,handle=1 slot=0 bytes=2022 slices=9 mtu=255 kind=reply
3632203,rx_write,handle=1 slot=0 bytes=29 accepted=29 free_before=4166
3632226,tx_frame,handle=1 slot=0 bytes=956 slices=4 mtu=255 kind=reply
3633193,tx_subscribed,handle=1 value=0
3633224,disconnect,handle=1 slot=0 peer=74:41:80:71:fc:64 reason=531 registered=1
3633225,advertise_restart,advertising=1
3634784,connect,handle=1 slot=0 peer=74:41:80:71:fc:64 interval_units=24 timeout_ms=720 mtu=23
3635114,mtu,handle=1 value=255
3635653,tx_subscribed,handle=1 value=1
3635803,rx_write,handle=1 slot=0 bytes=6 accepted=6 free_before=4166
3635805,tx_frame,handle=1 slot=0 bytes=36 slices=1 mtu=255 kind=reply
3635834,rx_write,handle=1 slot=0 bytes=79 accepted=79 free_before=4166
3635836,tx_frame,handle=1 slot=0 bytes=17 slices=1 mtu=255 kind=reply
3635923,rx_write,handle=1 slot=0 bytes=6 accepted=6 free_before=4166
3635933,tx_frame,handle=1 slot=0 bytes=1640 slices=7 mtu=255 kind=reply
3636133,rx_write,handle=1 slot=0 bytes=6 accepted=6 free_before=4166
3636136,tx_frame,handle=1 slot=0 bytes=53 slices=1 mtu=255 kind=reply
3636193,rx_write,handle=1 slot=0 bytes=6 accepted=6 free_before=4166
3636198,tx_frame,handle=1 slot=0 bytes=588 slices=3 mtu=255 kind=reply
3636343,rx_write,handle=1 slot=0 bytes=6 accepted=6 free_before=4166
3636344,rx_write,handle=1 slot=0 bytes=24 accepted=24 free_before=4160
3636347,tx_frame,handle=1 slot=0 bytes=345 slices=2 mtu=255 kind=reply
3636350,tx_frame,handle=1 slot=0 bytes=308 slices=2 mtu=255 kind=reply
3636405,rx_write,handle=1 slot=0 bytes=18 accepted=18 free_before=4166
3636433,tx_frame,handle=1 slot=0 bytes=2022 slices=9 mtu=255 kind=reply
3636433,rx_write,handle=1 slot=0 bytes=24 accepted=24 free_before=4166
3636440,tx_frame,handle=1 slot=0 bytes=308 slices=2 mtu=255 kind=reply
3636523,rx_write,handle=1 slot=0 bytes=29 accepted=29 free_before=4166
3636551,tx_frame,handle=1 slot=0 bytes=2022 slices=9 mtu=255 kind=reply
3636644,rx_write,handle=1 slot=0 bytes=29 accepted=29 free_before=4166
3636666,tx_frame,handle=1 slot=0 bytes=956 slices=4 mtu=255 kind=reply
3637574,tx_subscribed,handle=1 value=0
3637575,disconnect,handle=1 slot=0 peer=74:41:80:71:fc:64 reason=531 registered=1
3637576,advertise_restart,advertising=1
3638744,connect,handle=1 slot=0 peer=74:41:80:71:fc:64 interval_units=24 timeout_ms=720 mtu=23
3639074,mtu,handle=1 value=255
3639643,tx_subscribed,handle=1 value=1
3639763,rx_write,handle=1 slot=0 bytes=6 accepted=6 free_before=4166
3639765,tx_frame,handle=1 slot=0 bytes=36 slices=1 mtu=255 kind=reply
3639794,rx_write,handle=1 slot=0 bytes=79 accepted=79 free_before=4166
3639796,tx_frame,handle=1 slot=0 bytes=17 slices=1 mtu=255 kind=reply
3639853,rx_write,handle=1 slot=0 bytes=6 accepted=6 free_before=4166
3639863,tx_frame,handle=1 slot=0 bytes=1641 slices=7 mtu=255 kind=reply
3640064,rx_write,handle=1 slot=0 bytes=6 accepted=6 free_before=4166
3640066,tx_frame,handle=1 slot=0 bytes=53 slices=1 mtu=255 kind=reply
3640153,rx_write,handle=1 slot=0 bytes=6 accepted=6 free_before=4166
3640158,tx_frame,handle=1 slot=0 bytes=588 slices=3 mtu=255 kind=reply
3640243,rx_write,handle=1 slot=0 bytes=6 accepted=6 free_before=4166
3640244,rx_write,handle=1 slot=0 bytes=24 accepted=24 free_before=4160
3640247,tx_frame,handle=1 slot=0 bytes=345 slices=2 mtu=255 kind=reply
3640250,tx_frame,handle=1 slot=0 bytes=308 slices=2 mtu=255 kind=reply
3640304,rx_write,handle=1 slot=0 bytes=18 accepted=18 free_before=4166
3640331,tx_frame,handle=1 slot=0 bytes=2022 slices=9 mtu=255 kind=reply
3640334,rx_write,handle=1 slot=0 bytes=24 accepted=24 free_before=4166
3640339,tx_frame,handle=1 slot=0 bytes=308 slices=2 mtu=255 kind=reply
3640454,rx_write,handle=1 slot=0 bytes=29 accepted=29 free_before=4166
3640482,tx_frame,handle=1 slot=0 bytes=2022 slices=9 mtu=255 kind=reply
3640604,rx_write,handle=1 slot=0 bytes=29 accepted=29 free_before=4166
3640626,tx_frame,handle=1 slot=0 bytes=956 slices=4 mtu=255 kind=reply
3641624,tx_subscribed,handle=1 value=0
3641624,disconnect,handle=1 slot=0 peer=74:41:80:71:fc:64 reason=531 registered=1
3641626,advertise_restart,advertising=1
3642824,connect,handle=1 slot=0 peer=74:41:80:71:fc:64 interval_units=24 timeout_ms=720 mtu=23
3643184,mtu,handle=1 value=255
3643753,tx_subscribed,handle=1 value=1
3643873,rx_write,handle=1 slot=0 bytes=6 accepted=6 free_before=4166
3643876,tx_frame,handle=1 slot=0 bytes=36 slices=1 mtu=255 kind=reply
3643934,rx_write,handle=1 slot=0 bytes=79 accepted=79 free_before=4166
3643936,tx_frame,handle=1 slot=0 bytes=17 slices=1 mtu=255 kind=reply
3643993,rx_write,handle=1 slot=0 bytes=6 accepted=6 free_before=4166
3644003,tx_frame,handle=1 slot=0 bytes=1640 slices=7 mtu=255 kind=reply
3644173,rx_write,handle=1 slot=0 bytes=6 accepted=6 free_before=4166
3644175,tx_frame,handle=1 slot=0 bytes=53 slices=1 mtu=255 kind=reply
3644233,rx_write,handle=1 slot=0 bytes=6 accepted=6 free_before=4166
3644239,tx_frame,handle=1 slot=0 bytes=588 slices=3 mtu=255 kind=reply
3644323,rx_write,handle=1 slot=0 bytes=6 accepted=6 free_before=4166
3644324,rx_write,handle=1 slot=0 bytes=24 accepted=24 free_before=4160
3644328,tx_frame,handle=1 slot=0 bytes=345 slices=2 mtu=255 kind=reply
3644331,tx_frame,handle=1 slot=0 bytes=308 slices=2 mtu=255 kind=reply
3644384,rx_write,handle=1 slot=0 bytes=18 accepted=18 free_before=4166
3644411,tx_frame,handle=1 slot=0 bytes=2022 slices=9 mtu=255 kind=reply
3644414,rx_write,handle=1 slot=0 bytes=24 accepted=24 free_before=4166
3644419,tx_frame,handle=1 slot=0 bytes=308 slices=2 mtu=255 kind=reply
3644534,rx_write,handle=1 slot=0 bytes=29 accepted=29 free_before=4166
3644561,tx_frame,handle=1 slot=0 bytes=2022 slices=9 mtu=255 kind=reply
3644684,rx_write,handle=1 slot=0 bytes=29 accepted=29 free_before=4166
3644706,tx_frame,handle=1 slot=0 bytes=956 slices=4 mtu=255 kind=reply
3645674,tx_subscribed,handle=1 value=0
3645674,disconnect,handle=1 slot=0 peer=74:41:80:71:fc:64 reason=531 registered=1
3645675,advertise_restart,advertising=1
3647024,connect,handle=1 slot=0 peer=74:41:80:71:fc:64 interval_units=24 timeout_ms=720 mtu=23
3647354,mtu,handle=1 value=255
3647983,tx_subscribed,handle=1 value=1
3648073,rx_write,handle=1 slot=0 bytes=6 accepted=6 free_before=4166
3648075,tx_frame,handle=1 slot=0 bytes=36 slices=1 mtu=255 kind=reply
3648164,rx_write,handle=1 slot=0 bytes=79 accepted=79 free_before=4166
3648166,tx_frame,handle=1 slot=0 bytes=17 slices=1 mtu=255 kind=reply
3648223,rx_write,handle=1 slot=0 bytes=6 accepted=6 free_before=4166
3648233,tx_frame,handle=1 slot=0 bytes=1641 slices=7 mtu=255 kind=reply
3648373,rx_write,handle=1 slot=0 bytes=6 accepted=6 free_before=4166
3648376,tx_frame,handle=1 slot=0 bytes=53 slices=1 mtu=255 kind=reply
3648433,rx_write,handle=1 slot=0 bytes=6 accepted=6 free_before=4166
3648438,tx_frame,handle=1 slot=0 bytes=588 slices=3 mtu=255 kind=reply
3648523,rx_write,handle=1 slot=0 bytes=6 accepted=6 free_before=4166
3648524,rx_write,handle=1 slot=0 bytes=24 accepted=24 free_before=4160
3648527,tx_frame,handle=1 slot=0 bytes=345 slices=2 mtu=255 kind=reply
3648530,tx_frame,handle=1 slot=0 bytes=308 slices=2 mtu=255 kind=reply
3648584,rx_write,handle=1 slot=0 bytes=18 accepted=18 free_before=4166
3648610,tx_frame,handle=1 slot=0 bytes=2022 slices=9 mtu=255 kind=reply
3648613,rx_write,handle=1 slot=0 bytes=24 accepted=24 free_before=4166
3648618,tx_frame,handle=1 slot=0 bytes=308 slices=2 mtu=255 kind=reply
3648734,rx_write,handle=1 slot=0 bytes=29 accepted=29 free_before=4166
3648761,tx_frame,handle=1 slot=0 bytes=2022 slices=9 mtu=255 kind=reply
3648854,rx_write,handle=1 slot=0 bytes=29 accepted=29 free_before=4166
3648877,tx_frame,handle=1 slot=0 bytes=956 slices=4 mtu=255 kind=reply
3649844,tx_subscribed,handle=1 value=0
3649844,disconnect,handle=1 slot=0 peer=74:41:80:71:fc:64 reason=531 registered=1
3649845,advertise_restart,advertising=1
3651944,connect,handle=1 slot=0 peer=74:41:80:71:fc:64 interval_units=24 timeout_ms=720 mtu=23
3652274,mtu,handle=1 value=255
3652844,tx_subscribed,handle=1 value=1
3652963,rx_write,handle=1 slot=0 bytes=6 accepted=6 free_before=4166
3652965,tx_frame,handle=1 slot=0 bytes=36 slices=1 mtu=255 kind=reply
3652994,rx_write,handle=1 slot=0 bytes=79 accepted=79 free_before=4166
3652996,tx_frame,handle=1 slot=0 bytes=17 slices=1 mtu=255 kind=reply
3653053,rx_write,handle=1 slot=0 bytes=6 accepted=6 free_before=4166
3653063,tx_frame,handle=1 slot=0 bytes=1641 slices=7 mtu=255 kind=reply
3653233,rx_write,handle=1 slot=0 bytes=6 accepted=6 free_before=4166
3653236,tx_frame,handle=1 slot=0 bytes=53 slices=1 mtu=255 kind=reply
3653293,rx_write,handle=1 slot=0 bytes=6 accepted=6 free_before=4166
3653298,tx_frame,handle=1 slot=0 bytes=588 slices=3 mtu=255 kind=reply
3653443,rx_write,handle=1 slot=0 bytes=6 accepted=6 free_before=4166
3653444,rx_write,handle=1 slot=0 bytes=24 accepted=24 free_before=4160
3653447,tx_frame,handle=1 slot=0 bytes=345 slices=2 mtu=255 kind=reply
3653450,tx_frame,handle=1 slot=0 bytes=308 slices=2 mtu=255 kind=reply
3653503,rx_write,handle=1 slot=0 bytes=18 accepted=18 free_before=4166
3653530,tx_frame,handle=1 slot=0 bytes=2022 slices=9 mtu=255 kind=reply
3653533,rx_write,handle=1 slot=0 bytes=24 accepted=24 free_before=4166
3653537,tx_frame,handle=1 slot=0 bytes=308 slices=2 mtu=255 kind=reply
3653624,rx_write,handle=1 slot=0 bytes=29 accepted=29 free_before=4166
3653652,tx_frame,handle=1 slot=0 bytes=2022 slices=9 mtu=255 kind=reply
3653744,rx_write,handle=1 slot=0 bytes=29 accepted=29 free_before=4166
3653766,tx_frame,handle=1 slot=0 bytes=956 slices=4 mtu=255 kind=reply
3654674,tx_subscribed,handle=1 value=0
3654674,disconnect,handle=1 slot=0 peer=74:41:80:71:fc:64 reason=531 registered=1
3654675,advertise_restart,advertising=1
3657764,connect,handle=1 slot=0 peer=74:41:80:71:fc:64 interval_units=24 timeout_ms=720 mtu=23
3658094,mtu,handle=1 value=255
3658633,tx_subscribed,handle=1 value=1
3658813,rx_write,handle=1 slot=0 bytes=6 accepted=6 free_before=4166
3658815,tx_frame,handle=1 slot=0 bytes=36 slices=1 mtu=255 kind=reply
3658844,rx_write,handle=1 slot=0 bytes=79 accepted=79 free_before=4166
3658846,tx_frame,handle=1 slot=0 bytes=17 slices=1 mtu=255 kind=reply
3658933,rx_write,handle=1 slot=0 bytes=6 accepted=6 free_before=4166
3658943,tx_frame,handle=1 slot=0 bytes=1641 slices=7 mtu=255 kind=reply
3659143,rx_write,handle=1 slot=0 bytes=6 accepted=6 free_before=4166
3659146,tx_frame,handle=1 slot=0 bytes=53 slices=1 mtu=255 kind=reply
3659203,rx_write,handle=1 slot=0 bytes=6 accepted=6 free_before=4166
3659208,tx_frame,handle=1 slot=0 bytes=588 slices=3 mtu=255 kind=reply
3659293,rx_write,handle=1 slot=0 bytes=6 accepted=6 free_before=4166
3659294,rx_write,handle=1 slot=0 bytes=24 accepted=24 free_before=4160
3659297,tx_frame,handle=1 slot=0 bytes=345 slices=2 mtu=255 kind=reply
3659300,tx_frame,handle=1 slot=0 bytes=308 slices=2 mtu=255 kind=reply
3659383,rx_write,handle=1 slot=0 bytes=18 accepted=18 free_before=4166
3659384,rx_write,handle=1 slot=0 bytes=24 accepted=24 free_before=4148
3659411,tx_frame,handle=1 slot=0 bytes=2022 slices=9 mtu=255 kind=reply
3659416,tx_frame,handle=1 slot=0 bytes=308 slices=2 mtu=255 kind=reply
3659563,rx_write,handle=1 slot=0 bytes=29 accepted=29 free_before=4166
3659591,tx_frame,handle=1 slot=0 bytes=2022 slices=9 mtu=255 kind=reply
3659684,rx_write,handle=1 slot=0 bytes=29 accepted=29 free_before=4166
3659706,tx_frame,handle=1 slot=0 bytes=956 slices=4 mtu=255 kind=reply
3660554,tx_subscribed,handle=1 value=0
3660554,disconnect,handle=1 slot=0 peer=74:41:80:71:fc:64 reason=531 registered=1
3660556,advertise_restart,advertising=1
3661544,connect,handle=1 slot=0 peer=74:41:80:71:fc:64 interval_units=24 timeout_ms=720 mtu=23
3661874,mtu,handle=1 value=255
3662473,tx_subscribed,handle=1 value=1
3662593,rx_write,handle=1 slot=0 bytes=6 accepted=6 free_before=4166
3662596,tx_frame,handle=1 slot=0 bytes=36 slices=1 mtu=255 kind=reply
3662654,rx_write,handle=1 slot=0 bytes=79 accepted=79 free_before=4166
3662656,tx_frame,handle=1 slot=0 bytes=17 slices=1 mtu=255 kind=reply
3662743,rx_write,handle=1 slot=0 bytes=6 accepted=6 free_before=4166
3662754,tx_frame,handle=1 slot=0 bytes=1641 slices=7 mtu=255 kind=reply
3662923,rx_write,handle=1 slot=0 bytes=6 accepted=6 free_before=4166
3662925,tx_frame,handle=1 slot=0 bytes=53 slices=1 mtu=255 kind=reply
3663013,rx_write,handle=1 slot=0 bytes=6 accepted=6 free_before=4166
3663019,tx_frame,handle=1 slot=0 bytes=588 slices=3 mtu=255 kind=reply
3663133,rx_write,handle=1 slot=0 bytes=6 accepted=6 free_before=4166
3663134,rx_write,handle=1 slot=0 bytes=24 accepted=24 free_before=4160
3663138,tx_frame,handle=1 slot=0 bytes=345 slices=2 mtu=255 kind=reply
3663141,tx_frame,handle=1 slot=0 bytes=308 slices=2 mtu=255 kind=reply
3663223,rx_write,handle=1 slot=0 bytes=18 accepted=18 free_before=4166
3663224,rx_write,handle=1 slot=0 bytes=24 accepted=24 free_before=4148
3663251,tx_frame,handle=1 slot=0 bytes=2022 slices=9 mtu=255 kind=reply
3663286,tx_frame,handle=1 slot=0 bytes=308 slices=2 mtu=255 kind=reply
3663404,rx_write,handle=1 slot=0 bytes=29 accepted=29 free_before=4166
3663431,tx_frame,handle=1 slot=0 bytes=2022 slices=9 mtu=255 kind=reply
3663584,rx_write,handle=1 slot=0 bytes=29 accepted=29 free_before=4166
3663606,tx_frame,handle=1 slot=0 bytes=956 slices=4 mtu=255 kind=reply
3664484,tx_subscribed,handle=1 value=0
3664484,disconnect,handle=1 slot=0 peer=74:41:80:71:fc:64 reason=531 registered=1
3664485,advertise_restart,advertising=1
3668504,connect,handle=1 slot=0 peer=74:41:80:71:fc:64 interval_units=24 timeout_ms=720 mtu=23
3668834,mtu,handle=1 value=255
3669493,tx_subscribed,handle=1 value=1
3669673,rx_write,handle=1 slot=0 bytes=6 accepted=6 free_before=4166
3669676,tx_frame,handle=1 slot=0 bytes=36 slices=1 mtu=255 kind=reply
3669734,rx_write,handle=1 slot=0 bytes=79 accepted=79 free_before=4166
3669736,tx_frame,handle=1 slot=0 bytes=17 slices=1 mtu=255 kind=reply
3669793,rx_write,handle=1 slot=0 bytes=6 accepted=6 free_before=4166
3669803,tx_frame,handle=1 slot=0 bytes=1641 slices=7 mtu=255 kind=reply
3669943,rx_write,handle=1 slot=0 bytes=6 accepted=6 free_before=4166
3669945,tx_frame,handle=1 slot=0 bytes=53 slices=1 mtu=255 kind=reply
3670033,rx_write,handle=1 slot=0 bytes=6 accepted=6 free_before=4166
3670039,tx_frame,handle=1 slot=0 bytes=588 slices=3 mtu=255 kind=reply
3670124,rx_write,handle=1 slot=0 bytes=6 accepted=6 free_before=4166
3670124,rx_write,handle=1 slot=0 bytes=24 accepted=24 free_before=4160
3670128,tx_frame,handle=1 slot=0 bytes=345 slices=2 mtu=255 kind=reply
3670131,tx_frame,handle=1 slot=0 bytes=308 slices=2 mtu=255 kind=reply
3670183,rx_write,handle=1 slot=0 bytes=18 accepted=18 free_before=4166
3670211,tx_frame,handle=1 slot=0 bytes=2022 slices=9 mtu=255 kind=reply
3670213,rx_write,handle=1 slot=0 bytes=24 accepted=24 free_before=4166
3670219,tx_frame,handle=1 slot=0 bytes=308 slices=2 mtu=255 kind=reply
3670303,rx_write,handle=1 slot=0 bytes=29 accepted=29 free_before=4166
3670331,tx_frame,handle=1 slot=0 bytes=2022 slices=9 mtu=255 kind=reply
3670454,rx_write,handle=1 slot=0 bytes=29 accepted=29 free_before=4166
3670476,tx_frame,handle=1 slot=0 bytes=956 slices=4 mtu=255 kind=reply
3671474,tx_subscribed,handle=1 value=0
3671474,disconnect,handle=1 slot=0 peer=74:41:80:71:fc:64 reason=531 registered=1
3671476,advertise_restart,advertising=1
3675974,connect,handle=1 slot=0 peer=74:41:80:71:fc:64 interval_units=24 timeout_ms=720 mtu=23
3676303,mtu,handle=1 value=255
3676903,tx_subscribed,handle=1 value=1
3677023,rx_write,handle=1 slot=0 bytes=6 accepted=6 free_before=4166
3677027,tx_frame,handle=1 slot=0 bytes=36 slices=1 mtu=255 kind=reply
3677114,rx_write,handle=1 slot=0 bytes=79 accepted=79 free_before=4166
3677116,tx_frame,handle=1 slot=0 bytes=17 slices=1 mtu=255 kind=reply
3677173,rx_write,handle=1 slot=0 bytes=6 accepted=6 free_before=4166
3677183,tx_frame,handle=1 slot=0 bytes=1640 slices=7 mtu=255 kind=reply
3677323,rx_write,handle=1 slot=0 bytes=6 accepted=6 free_before=4166
3677326,tx_frame,handle=1 slot=0 bytes=53 slices=1 mtu=255 kind=reply
3677383,rx_write,handle=1 slot=0 bytes=6 accepted=6 free_before=4166
3677388,tx_frame,handle=1 slot=0 bytes=588 slices=3 mtu=255 kind=reply
3677473,rx_write,handle=1 slot=0 bytes=6 accepted=6 free_before=4166
3677474,rx_write,handle=1 slot=0 bytes=24 accepted=24 free_before=4160
3677477,tx_frame,handle=1 slot=0 bytes=345 slices=2 mtu=255 kind=reply
3677480,tx_frame,handle=1 slot=0 bytes=308 slices=2 mtu=255 kind=reply
3677593,rx_write,handle=1 slot=0 bytes=18 accepted=18 free_before=4166
3677594,rx_write,handle=1 slot=0 bytes=24 accepted=24 free_before=4148
3677622,tx_frame,handle=1 slot=0 bytes=2022 slices=9 mtu=255 kind=reply
3677627,tx_frame,handle=1 slot=0 bytes=308 slices=2 mtu=255 kind=reply
3677713,rx_write,handle=1 slot=0 bytes=29 accepted=29 free_before=4166
3677741,tx_frame,handle=1 slot=0 bytes=2022 slices=9 mtu=255 kind=reply
3677863,rx_write,handle=1 slot=0 bytes=29 accepted=29 free_before=4166
3677887,tx_frame,handle=1 slot=0 bytes=956 slices=4 mtu=255 kind=reply
3678854,tx_subscribed,handle=1 value=0
3678854,disconnect,handle=1 slot=0 peer=74:41:80:71:fc:64 reason=531 registered=1
3678855,advertise_restart,advertising=1
3679664,connect,handle=1 slot=0 peer=74:41:80:71:fc:64 interval_units=24 timeout_ms=720 mtu=23
3679994,mtu,handle=1 value=255
3680593,tx_subscribed,handle=1 value=1
3680713,rx_write,handle=1 slot=0 bytes=6 accepted=6 free_before=4166
3680715,tx_frame,handle=1 slot=0 bytes=36 slices=1 mtu=255 kind=reply
3680804,rx_write,handle=1 slot=0 bytes=79 accepted=79 free_before=4166
3680806,tx_frame,handle=1 slot=0 bytes=17 slices=1 mtu=255 kind=reply
3680863,rx_write,handle=1 slot=0 bytes=6 accepted=6 free_before=4166
3680873,tx_frame,handle=1 slot=0 bytes=1641 slices=7 mtu=255 kind=reply
3681013,rx_write,handle=1 slot=0 bytes=6 accepted=6 free_before=4166
3681016,tx_frame,handle=1 slot=0 bytes=53 slices=1 mtu=255 kind=reply
3681073,rx_write,handle=1 slot=0 bytes=6 accepted=6 free_before=4166
3681078,tx_frame,handle=1 slot=0 bytes=588 slices=3 mtu=255 kind=reply
3681223,rx_write,handle=1 slot=0 bytes=6 accepted=6 free_before=4166
3681224,rx_write,handle=1 slot=0 bytes=24 accepted=24 free_before=4160
3681227,tx_frame,handle=1 slot=0 bytes=345 slices=2 mtu=255 kind=reply
3681230,tx_frame,handle=1 slot=0 bytes=308 slices=2 mtu=255 kind=reply
3681284,rx_write,handle=1 slot=0 bytes=18 accepted=18 free_before=4166
3681284,rx_write,handle=1 slot=0 bytes=24 accepted=24 free_before=4148
3681311,tx_frame,handle=1 slot=0 bytes=2022 slices=9 mtu=255 kind=reply
3681316,tx_frame,handle=1 slot=0 bytes=308 slices=2 mtu=255 kind=reply
3681404,rx_write,handle=1 slot=0 bytes=29 accepted=29 free_before=4166
3681431,tx_frame,handle=1 slot=0 bytes=2022 slices=9 mtu=255 kind=reply
3681554,rx_write,handle=1 slot=0 bytes=29 accepted=29 free_before=4166
3681576,tx_frame,handle=1 slot=0 bytes=956 slices=4 mtu=255 kind=reply
3682454,tx_subscribed,handle=1 value=0
3682454,disconnect,handle=1 slot=0 peer=74:41:80:71:fc:64 reason=531 registered=1
3682456,advertise_restart,advertising=1
3685454,connect,handle=1 slot=0 peer=74:41:80:71:fc:64 interval_units=24 timeout_ms=720 mtu=23
3685814,mtu,handle=1 value=255
3686443,tx_subscribed,handle=1 value=1
3686564,rx_write,handle=1 slot=0 bytes=6 accepted=6 free_before=4166
3686566,tx_frame,handle=1 slot=0 bytes=36 slices=1 mtu=255 kind=reply
3686624,rx_write,handle=1 slot=0 bytes=79 accepted=79 free_before=4166
3686626,tx_frame,handle=1 slot=0 bytes=17 slices=1 mtu=255 kind=reply
3686714,rx_write,handle=1 slot=0 bytes=6 accepted=6 free_before=4166
3686723,tx_frame,handle=1 slot=0 bytes=1641 slices=7 mtu=255 kind=reply
3686864,rx_write,handle=1 slot=0 bytes=6 accepted=6 free_before=4166
3686866,tx_frame,handle=1 slot=0 bytes=53 slices=1 mtu=255 kind=reply
3686924,rx_write,handle=1 slot=0 bytes=6 accepted=6 free_before=4166
3686928,tx_frame,handle=1 slot=0 bytes=588 slices=3 mtu=255 kind=reply
3687013,rx_write,handle=1 slot=0 bytes=6 accepted=6 free_before=4166
3687014,rx_write,handle=1 slot=0 bytes=24 accepted=24 free_before=4160
3687017,tx_frame,handle=1 slot=0 bytes=345 slices=2 mtu=255 kind=reply
3687020,tx_frame,handle=1 slot=0 bytes=308 slices=2 mtu=255 kind=reply
3687074,rx_write,handle=1 slot=0 bytes=18 accepted=18 free_before=4166
3687101,tx_frame,handle=1 slot=0 bytes=2022 slices=9 mtu=255 kind=reply
3687104,rx_write,handle=1 slot=0 bytes=24 accepted=24 free_before=4166
3687109,tx_frame,handle=1 slot=0 bytes=308 slices=2 mtu=255 kind=reply
3687195,rx_write,handle=1 slot=0 bytes=29 accepted=29 free_before=4166
3687222,tx_frame,handle=1 slot=0 bytes=2022 slices=9 mtu=255 kind=reply
3687314,rx_write,handle=1 slot=0 bytes=29 accepted=29 free_before=4166
3687336,tx_frame,handle=1 slot=0 bytes=956 slices=4 mtu=255 kind=reply
3688334,tx_subscribed,handle=1 value=0
3688334,disconnect,handle=1 slot=0 peer=74:41:80:71:fc:64 reason=531 registered=1
3688336,advertise_restart,advertising=1
3691424,connect,handle=1 slot=0 peer=74:41:80:71:fc:64 interval_units=24 timeout_ms=720 mtu=23
3691754,mtu,handle=1 value=255
3692354,tx_subscribed,handle=1 value=1
3692504,rx_write,handle=1 slot=0 bytes=6 accepted=6 free_before=4166
3692506,tx_frame,handle=1 slot=0 bytes=36 slices=1 mtu=255 kind=reply
3692564,rx_write,handle=1 slot=0 bytes=79 accepted=79 free_before=4166
3692566,tx_frame,handle=1 slot=0 bytes=17 slices=1 mtu=255 kind=reply
3692624,rx_write,handle=1 slot=0 bytes=6 accepted=6 free_before=4166
3692633,tx_frame,handle=1 slot=0 bytes=1641 slices=7 mtu=255 kind=reply
3692804,rx_write,handle=1 slot=0 bytes=6 accepted=6 free_before=4166
3692806,tx_frame,handle=1 slot=0 bytes=53 slices=1 mtu=255 kind=reply
3692864,rx_write,handle=1 slot=0 bytes=6 accepted=6 free_before=4166
3692868,tx_frame,handle=1 slot=0 bytes=588 slices=3 mtu=255 kind=reply
3693013,rx_write,handle=1 slot=0 bytes=6 accepted=6 free_before=4166
3693014,rx_write,handle=1 slot=0 bytes=24 accepted=24 free_before=4160
3693017,tx_frame,handle=1 slot=0 bytes=345 slices=2 mtu=255 kind=reply
3693020,tx_frame,handle=1 slot=0 bytes=308 slices=2 mtu=255 kind=reply
3693074,rx_write,handle=1 slot=0 bytes=18 accepted=18 free_before=4166
3693103,tx_frame,handle=1 slot=0 bytes=2022 slices=9 mtu=255 kind=reply
3693104,rx_write,handle=1 slot=0 bytes=24 accepted=24 free_before=4166
3693109,tx_frame,handle=1 slot=0 bytes=308 slices=2 mtu=255 kind=reply
3693224,rx_write,handle=1 slot=0 bytes=29 accepted=29 free_before=4166
3693251,tx_frame,handle=1 slot=0 bytes=2022 slices=9 mtu=255 kind=reply
3693344,rx_write,handle=1 slot=0 bytes=29 accepted=29 free_before=4166
3693366,tx_frame,handle=1 slot=0 bytes=956 slices=4 mtu=255 kind=reply
3694274,tx_subscribed,handle=1 value=0
3694274,disconnect,handle=1 slot=0 peer=74:41:80:71:fc:64 reason=531 registered=1
3694275,advertise_restart,advertising=1
3697844,connect,handle=1 slot=0 peer=74:41:80:71:fc:64 interval_units=24 timeout_ms=720 mtu=23
3698204,mtu,handle=1 value=255
3698774,tx_subscribed,handle=1 value=1
3698924,rx_write,handle=1 slot=0 bytes=6 accepted=6 free_before=4166
3698925,tx_frame,handle=1 slot=0 bytes=36 slices=1 mtu=255 kind=reply
3698984,rx_write,handle=1 slot=0 bytes=79 accepted=79 free_before=4166
3698986,tx_frame,handle=1 slot=0 bytes=17 slices=1 mtu=255 kind=reply
3699044,rx_write,handle=1 slot=0 bytes=6 accepted=6 free_before=4166
3699053,tx_frame,handle=1 slot=0 bytes=1641 slices=7 mtu=255 kind=reply
3699194,rx_write,handle=1 slot=0 bytes=6 accepted=6 free_before=4166
3699196,tx_frame,handle=1 slot=0 bytes=53 slices=1 mtu=255 kind=reply
3699254,rx_write,handle=1 slot=0 bytes=6 accepted=6 free_before=4166
3699258,tx_frame,handle=1 slot=0 bytes=588 slices=3 mtu=255 kind=reply
3699344,rx_write,handle=1 slot=0 bytes=6 accepted=6 free_before=4166
3699344,rx_write,handle=1 slot=0 bytes=24 accepted=24 free_before=4160
3699347,tx_frame,handle=1 slot=0 bytes=345 slices=2 mtu=255 kind=reply
3699350,tx_frame,handle=1 slot=0 bytes=308 slices=2 mtu=255 kind=reply
3699404,rx_write,handle=1 slot=0 bytes=18 accepted=18 free_before=4166
3699431,tx_frame,handle=1 slot=0 bytes=2022 slices=9 mtu=255 kind=reply
3699434,rx_write,handle=1 slot=0 bytes=24 accepted=24 free_before=4166
3699439,tx_frame,handle=1 slot=0 bytes=308 slices=2 mtu=255 kind=reply
3699524,rx_write,handle=1 slot=0 bytes=29 accepted=29 free_before=4166
3699551,tx_frame,handle=1 slot=0 bytes=2022 slices=9 mtu=255 kind=reply
3699644,rx_write,handle=1 slot=0 bytes=29 accepted=29 free_before=4166
3699666,tx_frame,handle=1 slot=0 bytes=956 slices=4 mtu=255 kind=reply
3701294,tx_subscribed,handle=1 value=0
3701295,disconnect,handle=1 slot=0 peer=74:41:80:71:fc:64 reason=531 registered=1
3701296,advertise_restart,advertising=1
3702794,connect,handle=1 slot=0 peer=74:41:80:71:fc:64 interval_units=24 timeout_ms=720 mtu=23
3703124,mtu,handle=1 value=255
3703664,tx_subscribed,handle=1 value=1
3703784,rx_write,handle=1 slot=0 bytes=6 accepted=6 free_before=4166
3703786,tx_frame,handle=1 slot=0 bytes=36 slices=1 mtu=255 kind=reply
3703844,rx_write,handle=1 slot=0 bytes=79 accepted=79 free_before=4166
3703846,tx_frame,handle=1 slot=0 bytes=17 slices=1 mtu=255 kind=reply
3703904,rx_write,handle=1 slot=0 bytes=6 accepted=6 free_before=4166
3703914,tx_frame,handle=1 slot=0 bytes=1641 slices=7 mtu=255 kind=reply
3704054,rx_write,handle=1 slot=0 bytes=6 accepted=6 free_before=4166
3704056,tx_frame,handle=1 slot=0 bytes=53 slices=1 mtu=255 kind=reply
3704114,rx_write,handle=1 slot=0 bytes=6 accepted=6 free_before=4166
3704119,tx_frame,handle=1 slot=0 bytes=588 slices=3 mtu=255 kind=reply
3704204,rx_write,handle=1 slot=0 bytes=6 accepted=6 free_before=4166
3704204,rx_write,handle=1 slot=0 bytes=24 accepted=24 free_before=4160
3704208,tx_frame,handle=1 slot=0 bytes=345 slices=2 mtu=255 kind=reply
3704211,tx_frame,handle=1 slot=0 bytes=308 slices=2 mtu=255 kind=reply
3704264,rx_write,handle=1 slot=0 bytes=18 accepted=18 free_before=4166
3704291,tx_frame,handle=1 slot=0 bytes=2022 slices=9 mtu=255 kind=reply
3704294,rx_write,handle=1 slot=0 bytes=24 accepted=24 free_before=4166
3704298,tx_frame,handle=1 slot=0 bytes=308 slices=2 mtu=255 kind=reply
3704384,rx_write,handle=1 slot=0 bytes=29 accepted=29 free_before=4166
3704411,tx_frame,handle=1 slot=0 bytes=2022 slices=9 mtu=255 kind=reply
3704504,rx_write,handle=1 slot=0 bytes=29 accepted=29 free_before=4166
3704526,tx_frame,handle=1 slot=0 bytes=956 slices=4 mtu=255 kind=reply
3705884,tx_subscribed,handle=1 value=0
3705885,disconnect,handle=1 slot=0 peer=74:41:80:71:fc:64 reason=531 registered=1
3705887,advertise_restart,advertising=1
3709004,connect,handle=1 slot=0 peer=74:41:80:71:fc:64 interval_units=24 timeout_ms=720 mtu=23
3709334,mtu,handle=1 value=255
3709904,tx_subscribed,handle=1 value=1
3710024,rx_write,handle=1 slot=0 bytes=6 accepted=6 free_before=4166
3710025,tx_frame,handle=1 slot=0 bytes=36 slices=1 mtu=255 kind=reply
3710054,rx_write,handle=1 slot=0 bytes=79 accepted=79 free_before=4166
3710057,tx_frame,handle=1 slot=0 bytes=17 slices=1 mtu=255 kind=reply
3710114,rx_write,handle=1 slot=0 bytes=6 accepted=6 free_before=4166
3710124,tx_frame,handle=1 slot=0 bytes=1639 slices=7 mtu=255 kind=reply
3710264,rx_write,handle=1 slot=0 bytes=6 accepted=6 free_before=4166
3710265,tx_frame,handle=1 slot=0 bytes=53 slices=1 mtu=255 kind=reply
3710324,rx_write,handle=1 slot=0 bytes=6 accepted=6 free_before=4166
3710329,tx_frame,handle=1 slot=0 bytes=588 slices=3 mtu=255 kind=reply
3710414,rx_write,handle=1 slot=0 bytes=6 accepted=6 free_before=4166
3710414,rx_write,handle=1 slot=0 bytes=24 accepted=24 free_before=4160
3710418,tx_frame,handle=1 slot=0 bytes=345 slices=2 mtu=255 kind=reply
3710421,tx_frame,handle=1 slot=0 bytes=308 slices=2 mtu=255 kind=reply
3710474,rx_write,handle=1 slot=0 bytes=18 accepted=18 free_before=4166
3710501,tx_frame,handle=1 slot=0 bytes=2022 slices=9 mtu=255 kind=reply
3710504,rx_write,handle=1 slot=0 bytes=24 accepted=24 free_before=4166
3710509,tx_frame,handle=1 slot=0 bytes=308 slices=2 mtu=255 kind=reply
3710624,rx_write,handle=1 slot=0 bytes=29 accepted=29 free_before=4166
3710651,tx_frame,handle=1 slot=0 bytes=2022 slices=9 mtu=255 kind=reply
3710744,rx_write,handle=1 slot=0 bytes=29 accepted=29 free_before=4166
3710766,tx_frame,handle=1 slot=0 bytes=956 slices=4 mtu=255 kind=reply
3712035,tx_subscribed,handle=1 value=0
3712065,disconnect,handle=1 slot=0 peer=74:41:80:71:fc:64 reason=531 registered=1
3712066,advertise_restart,advertising=1
3715124,connect,handle=1 slot=0 peer=74:41:80:71:fc:64 interval_units=24 timeout_ms=720 mtu=23
3715454,mtu,handle=1 value=255
3716024,tx_subscribed,handle=1 value=1
3716144,rx_write,handle=1 slot=0 bytes=6 accepted=6 free_before=4166
3716145,tx_frame,handle=1 slot=0 bytes=36 slices=1 mtu=255 kind=reply
3716174,rx_write,handle=1 slot=0 bytes=79 accepted=79 free_before=4166
3716176,tx_frame,handle=1 slot=0 bytes=17 slices=1 mtu=255 kind=reply
3716234,rx_write,handle=1 slot=0 bytes=6 accepted=6 free_before=4166
3716244,tx_frame,handle=1 slot=0 bytes=1641 slices=7 mtu=255 kind=reply
3716444,rx_write,handle=1 slot=0 bytes=6 accepted=6 free_before=4166
3716445,tx_frame,handle=1 slot=0 bytes=53 slices=1 mtu=255 kind=reply
3716504,rx_write,handle=1 slot=0 bytes=6 accepted=6 free_before=4166
3716509,tx_frame,handle=1 slot=0 bytes=588 slices=3 mtu=255 kind=reply
3716594,rx_write,handle=1 slot=0 bytes=6 accepted=6 free_before=4166
3716594,rx_write,handle=1 slot=0 bytes=24 accepted=24 free_before=4160
3716598,tx_frame,handle=1 slot=0 bytes=345 slices=2 mtu=255 kind=reply
3716601,tx_frame,handle=1 slot=0 bytes=308 slices=2 mtu=255 kind=reply
3716654,rx_write,handle=1 slot=0 bytes=18 accepted=18 free_before=4166
3716681,tx_frame,handle=1 slot=0 bytes=2022 slices=9 mtu=255 kind=reply
3716684,rx_write,handle=1 slot=0 bytes=24 accepted=24 free_before=4166
3716688,tx_frame,handle=1 slot=0 bytes=308 slices=2 mtu=255 kind=reply
3716804,rx_write,handle=1 slot=0 bytes=29 accepted=29 free_before=4166
3716832,tx_frame,handle=1 slot=0 bytes=2022 slices=9 mtu=255 kind=reply
3716954,rx_write,handle=1 slot=0 bytes=29 accepted=29 free_before=4166
3716976,tx_frame,handle=1 slot=0 bytes=956 slices=4 mtu=255 kind=reply
3718034,tx_subscribed,handle=1 value=0
3718035,disconnect,handle=1 slot=0 peer=74:41:80:71:fc:64 reason=531 registered=1
3718036,advertise_restart,advertising=1
3719474,connect,handle=1 slot=0 peer=74:41:80:71:fc:64 interval_units=24 timeout_ms=720 mtu=23
3719804,mtu,handle=1 value=255
3720374,tx_subscribed,handle=1 value=1
3720494,rx_write,handle=1 slot=0 bytes=6 accepted=6 free_before=4166
3720496,tx_frame,handle=1 slot=0 bytes=36 slices=1 mtu=255 kind=reply
3720524,rx_write,handle=1 slot=0 bytes=79 accepted=79 free_before=4166
3720526,tx_frame,handle=1 slot=0 bytes=17 slices=1 mtu=255 kind=reply
3720584,rx_write,handle=1 slot=0 bytes=6 accepted=6 free_before=4166
3720594,tx_frame,handle=1 slot=0 bytes=1641 slices=7 mtu=255 kind=reply
3720794,rx_write,handle=1 slot=0 bytes=6 accepted=6 free_before=4166
3720796,tx_frame,handle=1 slot=0 bytes=53 slices=1 mtu=255 kind=reply
3720854,rx_write,handle=1 slot=0 bytes=6 accepted=6 free_before=4166
3720858,tx_frame,handle=1 slot=0 bytes=588 slices=3 mtu=255 kind=reply
3720944,rx_write,handle=1 slot=0 bytes=6 accepted=6 free_before=4166
3720944,rx_write,handle=1 slot=0 bytes=24 accepted=24 free_before=4160
3720947,tx_frame,handle=1 slot=0 bytes=345 slices=2 mtu=255 kind=reply
3720950,tx_frame,handle=1 slot=0 bytes=308 slices=2 mtu=255 kind=reply
3721004,rx_write,handle=1 slot=0 bytes=18 accepted=18 free_before=4166
3721032,tx_frame,handle=1 slot=0 bytes=2022 slices=9 mtu=255 kind=reply
3721034,rx_write,handle=1 slot=0 bytes=24 accepted=24 free_before=4166
3721038,tx_frame,handle=1 slot=0 bytes=308 slices=2 mtu=255 kind=reply
3721124,rx_write,handle=1 slot=0 bytes=29 accepted=29 free_before=4166
3721151,tx_frame,handle=1 slot=0 bytes=2022 slices=9 mtu=255 kind=reply
3721244,rx_write,handle=1 slot=0 bytes=29 accepted=29 free_before=4166
3721266,tx_frame,handle=1 slot=0 bytes=956 slices=4 mtu=255 kind=reply
3722354,tx_subscribed,handle=1 value=0
3722355,disconnect,handle=1 slot=0 peer=74:41:80:71:fc:64 reason=531 registered=1
3722356,advertise_restart,advertising=1
3723344,connect,handle=1 slot=0 peer=74:41:80:71:fc:64 interval_units=24 timeout_ms=720 mtu=23
3723675,mtu,handle=1 value=255
3724214,tx_subscribed,handle=1 value=1
3724334,rx_write,handle=1 slot=0 bytes=6 accepted=6 free_before=4166
3724336,tx_frame,handle=1 slot=0 bytes=36 slices=1 mtu=255 kind=reply
3724394,rx_write,handle=1 slot=0 bytes=79 accepted=79 free_before=4166
3724396,tx_frame,handle=1 slot=0 bytes=17 slices=1 mtu=255 kind=reply
3724454,rx_write,handle=1 slot=0 bytes=6 accepted=6 free_before=4166
3724464,tx_frame,handle=1 slot=0 bytes=1641 slices=7 mtu=255 kind=reply
3724694,rx_write,handle=1 slot=0 bytes=6 accepted=6 free_before=4166
3724696,tx_frame,handle=1 slot=0 bytes=53 slices=1 mtu=255 kind=reply
3724754,rx_write,handle=1 slot=0 bytes=6 accepted=6 free_before=4166
3724758,tx_frame,handle=1 slot=0 bytes=588 slices=3 mtu=255 kind=reply
3724844,rx_write,handle=1 slot=0 bytes=6 accepted=6 free_before=4166
3724844,rx_write,handle=1 slot=0 bytes=24 accepted=24 free_before=4160
3724847,tx_frame,handle=1 slot=0 bytes=345 slices=2 mtu=255 kind=reply
3724850,tx_frame,handle=1 slot=0 bytes=308 slices=2 mtu=255 kind=reply
3724935,rx_write,handle=1 slot=0 bytes=18 accepted=18 free_before=4166
3724963,tx_frame,handle=1 slot=0 bytes=2022 slices=9 mtu=255 kind=reply
3724964,rx_write,handle=1 slot=0 bytes=24 accepted=24 free_before=4166
3724968,tx_frame,handle=1 slot=0 bytes=308 slices=2 mtu=255 kind=reply
3725084,rx_write,handle=1 slot=0 bytes=29 accepted=29 free_before=4166
3725111,tx_frame,handle=1 slot=0 bytes=2022 slices=9 mtu=255 kind=reply
3725234,rx_write,handle=1 slot=0 bytes=29 accepted=29 free_before=4166
3725256,tx_frame,handle=1 slot=0 bytes=956 slices=4 mtu=255 kind=reply
3726194,tx_subscribed,handle=1 value=0
3726224,disconnect,handle=1 slot=0 peer=74:41:80:71:fc:64 reason=531 registered=1
3726226,advertise_restart,advertising=1
3727304,connect,handle=1 slot=0 peer=74:41:80:71:fc:64 interval_units=24 timeout_ms=720 mtu=23
3727634,mtu,handle=1 value=255
3728234,tx_subscribed,handle=1 value=1
3728355,rx_write,handle=1 slot=0 bytes=6 accepted=6 free_before=4166
3728357,tx_frame,handle=1 slot=0 bytes=36 slices=1 mtu=255 kind=reply
3728414,rx_write,handle=1 slot=0 bytes=79 accepted=79 free_before=4166
3728416,tx_frame,handle=1 slot=0 bytes=17 slices=1 mtu=255 kind=reply
3728474,rx_write,handle=1 slot=0 bytes=6 accepted=6 free_before=4166
3728484,tx_frame,handle=1 slot=0 bytes=1641 slices=7 mtu=255 kind=reply
3728684,rx_write,handle=1 slot=0 bytes=6 accepted=6 free_before=4166
3728686,tx_frame,handle=1 slot=0 bytes=53 slices=1 mtu=255 kind=reply
3728744,rx_write,handle=1 slot=0 bytes=6 accepted=6 free_before=4166
3728748,tx_frame,handle=1 slot=0 bytes=588 slices=3 mtu=255 kind=reply
3728894,rx_write,handle=1 slot=0 bytes=6 accepted=6 free_before=4166
3728894,rx_write,handle=1 slot=0 bytes=24 accepted=24 free_before=4160
3728897,tx_frame,handle=1 slot=0 bytes=345 slices=2 mtu=255 kind=reply
3728900,tx_frame,handle=1 slot=0 bytes=308 slices=2 mtu=255 kind=reply
3728954,rx_write,handle=1 slot=0 bytes=18 accepted=18 free_before=4166
3728954,rx_write,handle=1 slot=0 bytes=24 accepted=24 free_before=4148
3728981,tx_frame,handle=1 slot=0 bytes=2022 slices=9 mtu=255 kind=reply
3728988,tx_frame,handle=1 slot=0 bytes=308 slices=2 mtu=255 kind=reply
3729105,rx_write,handle=1 slot=0 bytes=29 accepted=29 free_before=4166
3729133,tx_frame,handle=1 slot=0 bytes=2022 slices=9 mtu=255 kind=reply
3729284,rx_write,handle=1 slot=0 bytes=29 accepted=29 free_before=4166
3729306,tx_frame,handle=1 slot=0 bytes=956 slices=4 mtu=255 kind=reply
3730094,tx_subscribed,handle=1 value=0
3730094,disconnect,handle=1 slot=0 peer=74:41:80:71:fc:64 reason=531 registered=1
3730095,advertise_restart,advertising=1
3734114,connect,handle=1 slot=0 peer=74:41:80:71:fc:64 interval_units=24 timeout_ms=720 mtu=23
3734444,mtu,handle=1 value=255
3735044,tx_subscribed,handle=1 value=1
3735164,rx_write,handle=1 slot=0 bytes=6 accepted=6 free_before=4166
3735166,tx_frame,handle=1 slot=0 bytes=36 slices=1 mtu=255 kind=reply
3735224,rx_write,handle=1 slot=0 bytes=79 accepted=79 free_before=4166
3735226,tx_frame,handle=1 slot=0 bytes=17 slices=1 mtu=255 kind=reply
3735284,rx_write,handle=1 slot=0 bytes=6 accepted=6 free_before=4166
3735294,tx_frame,handle=1 slot=0 bytes=1641 slices=7 mtu=255 kind=reply
3735494,rx_write,handle=1 slot=0 bytes=6 accepted=6 free_before=4166
3735496,tx_frame,handle=1 slot=0 bytes=53 slices=1 mtu=255 kind=reply
3735584,rx_write,handle=1 slot=0 bytes=6 accepted=6 free_before=4166
3735588,tx_frame,handle=1 slot=0 bytes=588 slices=3 mtu=255 kind=reply
3735704,rx_write,handle=1 slot=0 bytes=6 accepted=6 free_before=4166
3735704,rx_write,handle=1 slot=0 bytes=24 accepted=24 free_before=4160
3735707,tx_frame,handle=1 slot=0 bytes=345 slices=2 mtu=255 kind=reply
3735710,tx_frame,handle=1 slot=0 bytes=308 slices=2 mtu=255 kind=reply
3735794,rx_write,handle=1 slot=0 bytes=18 accepted=18 free_before=4166
3735794,rx_write,handle=1 slot=0 bytes=24 accepted=24 free_before=4148
3735821,tx_frame,handle=1 slot=0 bytes=2022 slices=9 mtu=255 kind=reply
3735828,tx_frame,handle=1 slot=0 bytes=308 slices=2 mtu=255 kind=reply
3735914,rx_write,handle=1 slot=0 bytes=29 accepted=29 free_before=4166
3735942,tx_frame,handle=1 slot=0 bytes=2022 slices=9 mtu=255 kind=reply
3736034,rx_write,handle=1 slot=0 bytes=29 accepted=29 free_before=4166
3736056,tx_frame,handle=1 slot=0 bytes=956 slices=4 mtu=255 kind=reply
